code;pairCode;name;guid;externalId;appendix;shortDescription;description;manufacturer;supplier;metaDescription;itemType;ean;productNumber;partNumber;serialNumber;plu;defaultImage;image;imageDesc;image2;imageDesc2;image3;imageDesc3;image4;imageDesc4;image5;imageDesc5;image6;imageDesc6;image7;imageDesc7;image8;imageDesc8;image9;imageDesc9;image10;imageDesc10;image11;imageDesc11;image12;imageDesc12;image13;imageDesc13;image14;imageDesc14;image15;imageDesc15;image16;imageDesc16;image17;imageDesc17;image18;imageDesc18;image19;imageDesc19;image20;imageDesc20;image21;imageDesc21;image22;imageDesc22;image23;imageDesc23;image24;imageDesc24;image25;imageDesc25;image26;imageDesc26;image27;imageDesc27;image28;imageDesc28;image29;imageDesc29;image30;imageDesc30;defaultCategory;categoryText;categoryText2;categoryText3;categoryText4;categoryText5;categoryText6;categoryText7;categoryText8;price;priceRatio;standardPrice;purchasePrice;purchasePriceVatRate;purchasePriceIncludingVat;currency;includingVat;percentVat;actionPrice;actionFrom;actionUntil;minimumAmount;maximumAmount;freeShipping;freeBilling;maxDiscount;applyDiscountCoupon;applyLoyaltyDiscount;applyQuantityDiscount;applyVolumeDiscount;relativeMargin;absoluteMargin;"variant:Bunda ve¾kos";"variant:Bunda ve¾kos èislo";"variant:Dåka";"variant:Farba";"variant:Farba a ve¾kos";"variant:Motív";"variant:Nohavice ve¾kos";"variant:Nábojovı pás Ve¾kos";"variant:Objem";"variant:Objímka ve¾kos";"variant:Obvod krku";"variant:Obvod zápästia";"variant:Optické zväèšenie";"variant:PARD ADAPTÉR VE¼KOS";"variant:Prevedenie";"variant:Prísvit";"variant:Rozmer";"variant:Variant";"variant:Varianta";"variant:Ve¾kos";"variant:Ve¾kos (všetko)";"variant:Ve¾kos Trojve¾kos";"variant:Ve¾kos vek";"variant:Ve¾kos vloky";"variant:Ve¾kos èíslo";"variant:Vıšivka";"filteringProperty:Materiál";"filteringProperty:Motív";"filteringProperty:Obsah OC";"filteringProperty:Pohlavie";"filteringProperty:Pouitie";"filteringProperty:Šírka opasku";stock;stockLocation;stockMinSupply;negativeAmount;availabilityOutOfStock;availabilityInStock;unit;decimalCount;warranty;weight;height;depth;width;recommendedPackaging;firmyCz;relatedProduct;relatedProduct2;relatedProduct3;relatedProduct4;relatedProduct5;relatedProduct6;relatedProduct7;relatedProduct8;relatedProduct9;relatedProduct10;relatedProduct11;relatedProduct12;relatedProduct13;relatedProduct14;relatedProduct15;relatedProduct16;relatedProduct17;relatedProduct18;relatedProduct19;relatedProduct20;relatedProduct21;relatedProduct22;relatedProduct23;relatedProduct24;relatedProduct25;relatedProduct26;relatedProduct27;relatedProduct28;alternativeProduct;alternativeProduct2;alternativeProduct3;alternativeProduct4;gifts;textProperty;textProperty2;textProperty3;textProperty4;textProperty5;textProperty6;textProperty7;textProperty8;textProperty9;textProperty10;textProperty11;textProperty12;textProperty13;textProperty14;textProperty15;textProperty16;textProperty17;textProperty18;textProperty19;textProperty20;externalCode;variantVisibility;productVisibility;adult;atypicalShipping;atypicalBilling;boxRestriction;actionFlagActive;actionFlagValidFrom;actionFlagValidUntil;tipFlagActive;tipFlagValidFrom;tipFlagValidUntil;newFlagActive;newFlagValidFrom;newFlagValidUntil;custom1FlagActive;custom1FlagValidFrom;custom1FlagValidUntil;custom2FlagActive;custom2FlagValidFrom;custom2FlagValidUntil;custom3FlagActive;custom3FlagValidFrom;custom3FlagValidUntil;relatedVideo;allowsIPlatba;allowsPayOnline;xmlFeedName;seoTitle;heurekaHidden;heurekaCartHidden;heurekaCpc;zboziHidden;zboziCpc;zboziSearchCpc;arukeresoHidden;arukeresoMarketplaceHidden;sizeId;sizeIdLabel;depositCode;depositLogic;packageAmount;packageAmountUnit;measureAmount;measureAmountUnit;internalNote;itemConditionGrade;itemConditionDescription;googleCategoryIdInFeed;heurekaCategoryId;zboziCategoryId;googleCategoryId;glamiCategoryId;
"40237/3XL";"1";"Nohavice FOREST 1003";"0a486205-d9e7-11e0-92ec-e1ef0b66e031";"";"";"<p>Po¾ovnícke letné nohavice zn. FOREST, vhodné aj na bené nosenie. Mnostvo funkènıch vreciek. Anatomicky tvarované kolená</p>";"<p><strong><big>Pouitie: </big></strong><big>Po¾ovnícke letné nohavice,&nbsp; vhodné aj na bené nosenie.</big></p>
<p><big><strong>Materiál:</strong> <br />M1: 98%BA, 2%EL<br />M2: 65% PES, 35%BA</big></p>
<p><big>Kvalitnı materiál od èeského vırobcu</big></p>
<p><big><span id=""charakteristika""><strong>Popis:</strong> 2x horné vrecká, 1x zadné vrecko, 2x boèné vrecká, anatomicky tvarované kolená, roztiahnute¾nı pás<br /></span></big></p>
<p><span><span style=""font-size: 12pt;""><span style=""font-size: 8pt;""><strong><big>Ve¾kostná rada: S - 6XL</big></strong></span></span></span></p>
<p><big>Tento vırobok v prípade potreby je moné upravi pod¾a poiadaviek zákazníka, tzn. napr. predåi nohavice.</big></p>";"Forest";"";"Po¾ovnícke letné nohavice FOREST. Vhodné aj na kadodenné nosenie. Kvalitná bavlna. Boèné vrecká";"product";"";"";"";"";"";"";"https://cdn.myshoptet.com/usr/www.forestshop.sk/user/shop/orig/34-1_nohavice-forest-1003ok-2025.jpg?67ade5de";"Nohavice Forest 1003OK 2025";"";"";"";"";"";"";"";"";"";"";"";"";"";"";"";"";"";"";"";"";"";"";"";"";"";"";"";"";"";"";"";"";"";"";"";"";"";"";"";"";"";"";"";"";"";"";"";"";"";"";"";"";"";"";"";"";"";"";"Pánske po¾ovnícke obleèenie > Pánske po¾ovnícke nohavice";"Pánske po¾ovnícke obleèenie > Pánske po¾ovnícke nohavice > Po¾ovnícke nohavice Forest";"Pánske po¾ovnícke obleèenie > Pánske po¾ovnícke nohavice > Letné nohavice pre po¾ovníkov";"";"";"";"";"";"";"62,76";"1";"66,08";"34,27";"23";"1";"EUR";"1";"23";"";"";"";"";"";"0";"0";"";"1";"1";"1";"1";"51,22";"27,9";"";"";"";"";"";"";"";"";"";"";"";"";"";"";"";"";"";"";"";"";"3XL";"";"";"";"";"";"";"";"";"";"";"";"-11";"";"";"1";"Predaj vırobku skonèil";"Predaj vırobku skonèil";"ks";"0";"2 roky";"";"";"";"";"";"1";"60116/90";"60109";"";"";"";"";"";"";"";"";"";"";"";"";"";"";"";"";"";"";"";"";"";"";"";"";"";"";"";"";"";"";"";"";"";"";"";"";"";"";"";"";"";"";"";"";"";"";"";"";"";"";"";"";"0";"visible";"0";"0";"0";"0";"0";"";"";"1";"";"";"0";"";"";"0";"";"";"0";"";"";"0";"";"";"";"0";"0";"";"Po¾ovnícke Nohavice Forest 1003 - Forestshop.sk";"0";"0";"";"0";"";"";"0";"0";"";"";"";"";"";"";"";"";"";"";"";"";"";"";"";"";""
"40237/4XL";"1";"Nohavice FOREST 1003";"0a486205-d9e7-11e0-92ec-e1ef0b66e031";"";"";"<p>Po¾ovnícke letné nohavice zn. FOREST, vhodné aj na bené nosenie. Mnostvo funkènıch vreciek. Anatomicky tvarované kolená</p>";"<p><strong><big>Pouitie: </big></strong><big>Po¾ovnícke letné nohavice,&nbsp; vhodné aj na bené nosenie.</big></p>
<p><big><strong>Materiál:</strong> <br />M1: 98%BA, 2%EL<br />M2: 65% PES, 35%BA</big></p>
<p><big>Kvalitnı materiál od èeského vırobcu</big></p>
<p><big><span id=""charakteristika""><strong>Popis:</strong> 2x horné vrecká, 1x zadné vrecko, 2x boèné vrecká, anatomicky tvarované kolená, roztiahnute¾nı pás<br /></span></big></p>
<p><span><span style=""font-size: 12pt;""><span style=""font-size: 8pt;""><strong><big>Ve¾kostná rada: S - 6XL</big></strong></span></span></span></p>
<p><big>Tento vırobok v prípade potreby je moné upravi pod¾a poiadaviek zákazníka, tzn. napr. predåi nohavice.</big></p>";"Forest";"";"Po¾ovnícke letné nohavice FOREST. Vhodné aj na kadodenné nosenie. Kvalitná bavlna. Boèné vrecká";"product";"";"";"";"";"";"";"https://cdn.myshoptet.com/usr/www.forestshop.sk/user/shop/orig/34-1_nohavice-forest-1003ok-2025.jpg?67ade5de";"Nohavice Forest 1003OK 2025";"";"";"";"";"";"";"";"";"";"";"";"";"";"";"";"";"";"";"";"";"";"";"";"";"";"";"";"";"";"";"";"";"";"";"";"";"";"";"";"";"";"";"";"";"";"";"";"";"";"";"";"";"";"";"";"";"";"";"Pánske po¾ovnícke obleèenie > Pánske po¾ovnícke nohavice";"Pánske po¾ovnícke obleèenie > Pánske po¾ovnícke nohavice > Po¾ovnícke nohavice Forest";"Pánske po¾ovnícke obleèenie > Pánske po¾ovnícke nohavice > Letné nohavice pre po¾ovníkov";"";"";"";"";"";"";"64,42";"1";"67,74";"36,76";"23";"1";"EUR";"1";"23";"";"";"";"";"";"0";"0";"";"1";"1";"1";"1";"48,3";"27,1";"";"";"";"";"";"";"";"";"";"";"";"";"";"";"";"";"";"";"";"";"4XL";"";"";"";"";"";"";"";"";"";"";"";"-2";"";"";"1";"Predaj vırobku skonèil";"Predaj vırobku skonèil";"ks";"0";"2 roky";"";"";"";"";"";"1";"60116/90";"60109";"";"";"";"";"";"";"";"";"";"";"";"";"";"";"";"";"";"";"";"";"";"";"";"";"";"";"";"";"";"";"";"";"";"";"";"";"";"";"";"";"";"";"";"";"";"";"";"";"";"";"";"";"0";"visible";"0";"0";"0";"0";"0";"";"";"1";"";"";"0";"";"";"0";"";"";"0";"";"";"0";"";"";"";"0";"0";"";"Po¾ovnícke Nohavice Forest 1003 - Forestshop.sk";"0";"0";"";"0";"";"";"0";"0";"";"";"";"";"";"";"";"";"";"";"";"";"";"";"";"";""
"40237/5XL";"1";"Nohavice FOREST 1003";"0a486205-d9e7-11e0-92ec-e1ef0b66e031";"";"";"<p>Po¾ovnícke letné nohavice zn. FOREST, vhodné aj na bené nosenie. Mnostvo funkènıch vreciek. Anatomicky tvarované kolená</p>";"<p><strong><big>Pouitie: </big></strong><big>Po¾ovnícke letné nohavice,&nbsp; vhodné aj na bené nosenie.</big></p>
<p><big><strong>Materiál:</strong> <br />M1: 98%BA, 2%EL<br />M2: 65% PES, 35%BA</big></p>
<p><big>Kvalitnı materiál od èeského vırobcu</big></p>
<p><big><span id=""charakteristika""><strong>Popis:</strong> 2x horné vrecká, 1x zadné vrecko, 2x boèné vrecká, anatomicky tvarované kolená, roztiahnute¾nı pás<br /></span></big></p>
<p><span><span style=""font-size: 12pt;""><span style=""font-size: 8pt;""><strong><big>Ve¾kostná rada: S - 6XL</big></strong></span></span></span></p>
<p><big>Tento vırobok v prípade potreby je moné upravi pod¾a poiadaviek zákazníka, tzn. napr. predåi nohavice.</big></p>";"Forest";"";"Po¾ovnícke letné nohavice FOREST. Vhodné aj na kadodenné nosenie. Kvalitná bavlna. Boèné vrecká";"product";"";"";"";"";"";"";"https://cdn.myshoptet.com/usr/www.forestshop.sk/user/shop/orig/34-1_nohavice-forest-1003ok-2025.jpg?67ade5de";"Nohavice Forest 1003OK 2025";"";"";"";"";"";"";"";"";"";"";"";"";"";"";"";"";"";"";"";"";"";"";"";"";"";"";"";"";"";"";"";"";"";"";"";"";"";"";"";"";"";"";"";"";"";"";"";"";"";"";"";"";"";"";"";"";"";"";"Pánske po¾ovnícke obleèenie > Pánske po¾ovnícke nohavice";"Pánske po¾ovnícke obleèenie > Pánske po¾ovnícke nohavice > Po¾ovnícke nohavice Forest";"Pánske po¾ovnícke obleèenie > Pánske po¾ovnícke nohavice > Letné nohavice pre po¾ovníkov";"";"";"";"";"";"";"66,08";"1";"68,57";"32,88";"23";"1";"EUR";"1";"23";"";"";"";"";"";"0";"0";"";"1";"1";"1";"1";"56,34";"32,52";"";"";"";"";"";"";"";"";"";"";"";"";"";"";"";"";"";"";"";"";"5XL";"";"";"";"";"";"";"";"";"";"";"";"0";"";"";"1";"Predaj vırobku skonèil";"Predaj vırobku skonèil";"ks";"0";"2 roky";"";"";"";"";"";"1";"60116/90";"60109";"";"";"";"";"";"";"";"";"";"";"";"";"";"";"";"";"";"";"";"";"";"";"";"";"";"";"";"";"";"";"";"";"";"";"";"";"";"";"";"";"";"";"";"";"";"";"";"";"";"";"";"";"0";"visible";"0";"0";"0";"0";"0";"";"";"1";"";"";"0";"";"";"0";"";"";"0";"";"";"0";"";"";"";"0";"0";"";"Po¾ovnícke Nohavice Forest 1003 - Forestshop.sk";"0";"0";"";"0";"";"";"0";"0";"";"";"";"";"";"";"";"";"";"";"";"";"";"";"";"";""
"40237/6XL";"1";"Nohavice FOREST 1003";"0a486205-d9e7-11e0-92ec-e1ef0b66e031";"";"";"<p>Po¾ovnícke letné nohavice zn. FOREST, vhodné aj na bené nosenie. Mnostvo funkènıch vreciek. Anatomicky tvarované kolená</p>";"<p><strong><big>Pouitie: </big></strong><big>Po¾ovnícke letné nohavice,&nbsp; vhodné aj na bené nosenie.</big></p>
<p><big><strong>Materiál:</strong> <br />M1: 98%BA, 2%EL<br />M2: 65% PES, 35%BA</big></p>
<p><big>Kvalitnı materiál od èeského vırobcu</big></p>
<p><big><span id=""charakteristika""><strong>Popis:</strong> 2x horné vrecká, 1x zadné vrecko, 2x boèné vrecká, anatomicky tvarované kolená, roztiahnute¾nı pás<br /></span></big></p>
<p><span><span style=""font-size: 12pt;""><span style=""font-size: 8pt;""><strong><big>Ve¾kostná rada: S - 6XL</big></strong></span></span></span></p>
<p><big>Tento vırobok v prípade potreby je moné upravi pod¾a poiadaviek zákazníka, tzn. napr. predåi nohavice.</big></p>";"Forest";"";"Po¾ovnícke letné nohavice FOREST. Vhodné aj na kadodenné nosenie. Kvalitná bavlna. Boèné vrecká";"product";"";"";"";"";"";"";"https://cdn.myshoptet.com/usr/www.forestshop.sk/user/shop/orig/34-1_nohavice-forest-1003ok-2025.jpg?67ade5de";"Nohavice Forest 1003OK 2025";"";"";"";"";"";"";"";"";"";"";"";"";"";"";"";"";"";"";"";"";"";"";"";"";"";"";"";"";"";"";"";"";"";"";"";"";"";"";"";"";"";"";"";"";"";"";"";"";"";"";"";"";"";"";"";"";"";"";"Pánske po¾ovnícke obleèenie > Pánske po¾ovnícke nohavice";"Pánske po¾ovnícke obleèenie > Pánske po¾ovnícke nohavice > Po¾ovnícke nohavice Forest";"Pánske po¾ovnícke obleèenie > Pánske po¾ovnícke nohavice > Letné nohavice pre po¾ovníkov";"";"";"";"";"";"";"67,74";"1";"70,23";"";"23";"1";"EUR";"1";"23";"";"";"";"";"";"0";"0";"";"1";"1";"1";"1";"";"";"";"";"";"";"";"";"";"";"";"";"";"";"";"";"";"";"";"";"";"";"6XL";"";"";"";"";"";"";"";"";"";"";"";"-4";"";"";"1";"Predaj vırobku skonèil";"Predaj vırobku skonèil";"ks";"0";"2 roky";"";"";"";"";"";"1";"60116/90";"60109";"";"";"";"";"";"";"";"";"";"";"";"";"";"";"";"";"";"";"";"";"";"";"";"";"";"";"";"";"";"";"";"";"";"";"";"";"";"";"";"";"";"";"";"";"";"";"";"";"";"";"";"";"0";"visible";"0";"0";"0";"0";"0";"";"";"1";"";"";"0";"";"";"0";"";"";"0";"";"";"0";"";"";"";"0";"0";"";"Po¾ovnícke Nohavice Forest 1003 - Forestshop.sk";"0";"0";"";"0";"";"";"0";"0";"";"";"";"";"";"";"";"";"";"";"";"";"";"";"";"";""
"40237/L";"1";"Nohavice FOREST 1003";"0a486205-d9e7-11e0-92ec-e1ef0b66e031";"";"";"<p>Po¾ovnícke letné nohavice zn. FOREST, vhodné aj na bené nosenie. Mnostvo funkènıch vreciek. Anatomicky tvarované kolená</p>";"<p><strong><big>Pouitie: </big></strong><big>Po¾ovnícke letné nohavice,&nbsp; vhodné aj na bené nosenie.</big></p>
<p><big><strong>Materiál:</strong> <br />M1: 98%BA, 2%EL<br />M2: 65% PES, 35%BA</big></p>
<p><big>Kvalitnı materiál od èeského vırobcu</big></p>
<p><big><span id=""charakteristika""><strong>Popis:</strong> 2x horné vrecká, 1x zadné vrecko, 2x boèné vrecká, anatomicky tvarované kolená, roztiahnute¾nı pás<br /></span></big></p>
<p><span><span style=""font-size: 12pt;""><span style=""font-size: 8pt;""><strong><big>Ve¾kostná rada: S - 6XL</big></strong></span></span></span></p>
<p><big>Tento vırobok v prípade potreby je moné upravi pod¾a poiadaviek zákazníka, tzn. napr. predåi nohavice.</big></p>";"Forest";"";"Po¾ovnícke letné nohavice FOREST. Vhodné aj na kadodenné nosenie. Kvalitná bavlna. Boèné vrecká";"product";"";"";"";"";"";"";"https://cdn.myshoptet.com/usr/www.forestshop.sk/user/shop/orig/34-1_nohavice-forest-1003ok-2025.jpg?67ade5de";"Nohavice Forest 1003OK 2025";"";"";"";"";"";"";"";"";"";"";"";"";"";"";"";"";"";"";"";"";"";"";"";"";"";"";"";"";"";"";"";"";"";"";"";"";"";"";"";"";"";"";"";"";"";"";"";"";"";"";"";"";"";"";"";"";"";"";"Pánske po¾ovnícke obleèenie > Pánske po¾ovnícke nohavice";"Pánske po¾ovnícke obleèenie > Pánske po¾ovnícke nohavice > Po¾ovnícke nohavice Forest";"Pánske po¾ovnícke obleèenie > Pánske po¾ovnícke nohavice > Letné nohavice pre po¾ovníkov";"";"";"";"";"";"";"61,02";"1";"63,51";"34,27";"23";"1";"EUR";"1";"23";"";"";"";"";"";"0";"0";"";"1";"1";"1";"1";"49,65";"26,2";"";"";"";"";"";"";"";"";"";"";"";"";"";"";"";"";"";"";"";"";"L";"";"";"";"";"";"";"";"";"";"";"";"-15";"";"";"1";"";"";"ks";"0";"2 roky";"";"";"";"";"";"1";"60116/90";"60109";"";"";"";"";"";"";"";"";"";"";"";"";"";"";"";"";"";"";"";"";"";"";"";"";"";"";"";"";"";"";"";"";"";"";"";"";"";"";"";"";"";"";"";"";"";"";"";"";"";"";"";"";"0";"visible";"0";"0";"0";"0";"0";"";"";"1";"";"";"0";"";"";"0";"";"";"0";"";"";"0";"";"";"";"0";"0";"";"Po¾ovnícke Nohavice Forest 1003 - Forestshop.sk";"0";"0";"";"0";"";"";"0";"0";"";"";"";"";"";"";"";"";"";"";"";"";"";"";"";"";""
"40237/M";"1";"Nohavice FOREST 1003";"0a486205-d9e7-11e0-92ec-e1ef0b66e031";"";"";"<p>Po¾ovnícke letné nohavice zn. FOREST, vhodné aj na bené nosenie. Mnostvo funkènıch vreciek. Anatomicky tvarované kolená</p>";"<p><strong><big>Pouitie: </big></strong><big>Po¾ovnícke letné nohavice,&nbsp; vhodné aj na bené nosenie.</big></p>
<p><big><strong>Materiál:</strong> <br />M1: 98%BA, 2%EL<br />M2: 65% PES, 35%BA</big></p>
<p><big>Kvalitnı materiál od èeského vırobcu</big></p>
<p><big><span id=""charakteristika""><strong>Popis:</strong> 2x horné vrecká, 1x zadné vrecko, 2x boèné vrecká, anatomicky tvarované kolená, roztiahnute¾nı pás<br /></span></big></p>
<p><span><span style=""font-size: 12pt;""><span style=""font-size: 8pt;""><strong><big>Ve¾kostná rada: S - 6XL</big></strong></span></span></span></p>
<p><big>Tento vırobok v prípade potreby je moné upravi pod¾a poiadaviek zákazníka, tzn. napr. predåi nohavice.</big></p>";"Forest";"";"Po¾ovnícke letné nohavice FOREST. Vhodné aj na kadodenné nosenie. Kvalitná bavlna. Boèné vrecká";"product";"";"";"";"";"";"";"https://cdn.myshoptet.com/usr/www.forestshop.sk/user/shop/orig/34-1_nohavice-forest-1003ok-2025.jpg?67ade5de";"Nohavice Forest 1003OK 2025";"";"";"";"";"";"";"";"";"";"";"";"";"";"";"";"";"";"";"";"";"";"";"";"";"";"";"";"";"";"";"";"";"";"";"";"";"";"";"";"";"";"";"";"";"";"";"";"";"";"";"";"";"";"";"";"";"";"";"Pánske po¾ovnícke obleèenie > Pánske po¾ovnícke nohavice";"Pánske po¾ovnícke obleèenie > Pánske po¾ovnícke nohavice > Po¾ovnícke nohavice Forest";"Pánske po¾ovnícke obleèenie > Pánske po¾ovnícke nohavice > Letné nohavice pre po¾ovníkov";"";"";"";"";"";"";"61,02";"1";"63,51";"34,27";"23";"1";"EUR";"1";"23";"";"";"";"";"";"0";"0";"";"1";"1";"1";"1";"49,65";"26,2";"";"";"";"";"";"";"";"";"";"";"";"";"";"";"";"";"";"";"";"";"M";"";"";"";"";"";"";"";"";"";"";"";"-3";"";"";"1";"Skladom";"Skladom";"ks";"0";"2 roky";"";"";"";"";"";"1";"60116/90";"60109";"";"";"";"";"";"";"";"";"";"";"";"";"";"";"";"";"";"";"";"";"";"";"";"";"";"";"";"";"";"";"";"";"";"";"";"";"";"";"";"";"";"";"";"";"";"";"";"";"";"";"";"";"1";"visible";"0";"0";"0";"0";"0";"";"";"1";"";"";"0";"";"";"0";"";"";"0";"";"";"0";"";"";"";"0";"0";"";"Po¾ovnícke Nohavice Forest 1003 - Forestshop.sk";"0";"0";"";"0";"";"";"0";"0";"";"";"";"";"";"";"";"";"";"";"";"";"";"";"";"";""
"40237/S";"1";"Nohavice FOREST 1003";"0a486205-d9e7-11e0-92ec-e1ef0b66e031";"";"";"<p>Po¾ovnícke letné nohavice zn. FOREST, vhodné aj na bené nosenie. Mnostvo funkènıch vreciek. Anatomicky tvarované kolená</p>";"<p><strong><big>Pouitie: </big></strong><big>Po¾ovnícke letné nohavice,&nbsp; vhodné aj na bené nosenie.</big></p>
<p><big><strong>Materiál:</strong> <br />M1: 98%BA, 2%EL<br />M2: 65% PES, 35%BA</big></p>
<p><big>Kvalitnı materiál od èeského vırobcu</big></p>
<p><big><span id=""charakteristika""><strong>Popis:</strong> 2x horné vrecká, 1x zadné vrecko, 2x boèné vrecká, anatomicky tvarované kolená, roztiahnute¾nı pás<br /></span></big></p>
<p><span><span style=""font-size: 12pt;""><span style=""font-size: 8pt;""><strong><big>Ve¾kostná rada: S - 6XL</big></strong></span></span></span></p>
<p><big>Tento vırobok v prípade potreby je moné upravi pod¾a poiadaviek zákazníka, tzn. napr. predåi nohavice.</big></p>";"Forest";"";"Po¾ovnícke letné nohavice FOREST. Vhodné aj na kadodenné nosenie. Kvalitná bavlna. Boèné vrecká";"product";"";"";"";"";"";"";"https://cdn.myshoptet.com/usr/www.forestshop.sk/user/shop/orig/34-1_nohavice-forest-1003ok-2025.jpg?67ade5de";"Nohavice Forest 1003OK 2025";"";"";"";"";"";"";"";"";"";"";"";"";"";"";"";"";"";"";"";"";"";"";"";"";"";"";"";"";"";"";"";"";"";"";"";"";"";"";"";"";"";"";"";"";"";"";"";"";"";"";"";"";"";"";"";"";"";"";"Pánske po¾ovnícke obleèenie > Pánske po¾ovnícke nohavice";"Pánske po¾ovnícke obleèenie > Pánske po¾ovnícke nohavice > Po¾ovnícke nohavice Forest";"Pánske po¾ovnícke obleèenie > Pánske po¾ovnícke nohavice > Letné nohavice pre po¾ovníkov";"";"";"";"";"";"";"61,02";"1";"63,51";"34,27";"23";"1";"EUR";"1";"23";"";"";"";"";"";"0";"0";"";"1";"1";"1";"1";"49,65";"26,2";"";"";"";"";"";"";"";"";"";"";"";"";"";"";"";"";"";"";"";"";"S";"";"";"";"";"";"";"";"";"";"";"";"0";"";"";"1";"Predaj vırobku skonèil";"Predaj vırobku skonèil";"ks";"0";"2 roky";"";"";"";"";"";"1";"60116/90";"60109";"";"";"";"";"";"";"";"";"";"";"";"";"";"";"";"";"";"";"";"";"";"";"";"";"";"";"";"";"";"";"";"";"";"";"";"";"";"";"";"";"";"";"";"";"";"";"";"";"";"";"";"";"0";"visible";"0";"0";"0";"0";"0";"";"";"1";"";"";"0";"";"";"0";"";"";"0";"";"";"0";"";"";"";"0";"0";"";"Po¾ovnícke Nohavice Forest 1003 - Forestshop.sk";"0";"0";"";"0";"";"";"0";"0";"";"";"";"";"";"";"";"";"";"";"";"";"";"";"";"";""
"40237/XL";"1";"Nohavice FOREST 1003";"0a486205-d9e7-11e0-92ec-e1ef0b66e031";"";"";"<p>Po¾ovnícke letné nohavice zn. FOREST, vhodné aj na bené nosenie. Mnostvo funkènıch vreciek. Anatomicky tvarované kolená</p>";"<p><strong><big>Pouitie: </big></strong><big>Po¾ovnícke letné nohavice,&nbsp; vhodné aj na bené nosenie.</big></p>
<p><big><strong>Materiál:</strong> <br />M1: 98%BA, 2%EL<br />M2: 65% PES, 35%BA</big></p>
<p><big>Kvalitnı materiál od èeského vırobcu</big></p>
<p><big><span id=""charakteristika""><strong>Popis:</strong> 2x horné vrecká, 1x zadné vrecko, 2x boèné vrecká, anatomicky tvarované kolená, roztiahnute¾nı pás<br /></span></big></p>
<p><span><span style=""font-size: 12pt;""><span style=""font-size: 8pt;""><strong><big>Ve¾kostná rada: S - 6XL</big></strong></span></span></span></p>
<p><big>Tento vırobok v prípade potreby je moné upravi pod¾a poiadaviek zákazníka, tzn. napr. predåi nohavice.</big></p>";"Forest";"";"Po¾ovnícke letné nohavice FOREST. Vhodné aj na kadodenné nosenie. Kvalitná bavlna. Boèné vrecká";"product";"";"";"";"";"";"";"https://cdn.myshoptet.com/usr/www.forestshop.sk/user/shop/orig/34-1_nohavice-forest-1003ok-2025.jpg?67ade5de";"Nohavice Forest 1003OK 2025";"";"";"";"";"";"";"";"";"";"";"";"";"";"";"";"";"";"";"";"";"";"";"";"";"";"";"";"";"";"";"";"";"";"";"";"";"";"";"";"";"";"";"";"";"";"";"";"";"";"";"";"";"";"";"";"";"";"";"Pánske po¾ovnícke obleèenie > Pánske po¾ovnícke nohavice";"Pánske po¾ovnícke obleèenie > Pánske po¾ovnícke nohavice > Po¾ovnícke nohavice Forest";"Pánske po¾ovnícke obleèenie > Pánske po¾ovnícke nohavice > Letné nohavice pre po¾ovníkov";"";"";"";"";"";"";"61,02";"1";"63,51";"34,27";"23";"1";"EUR";"1";"23";"";"";"";"";"";"0";"0";"";"1";"1";"1";"1";"49,65";"26,2";"";"";"";"";"";"";"";"";"";"";"";"";"";"";"";"";"";"";"";"";"XL";"";"";"";"";"";"";"";"";"";"";"";"-25";"";"";"1";"Skladom";"Skladom";"ks";"0";"2 roky";"";"";"";"";"";"1";"60116/90";"60109";"";"";"";"";"";"";"";"";"";"";"";"";"";"";"";"";"";"";"";"";"";"";"";"";"";"";"";"";"";"";"";"";"";"";"";"";"";"";"";"";"";"";"";"";"";"";"";"";"";"";"";"";"1";"visible";"0";"0";"0";"0";"0";"";"";"1";"";"";"0";"";"";"0";"";"";"0";"";"";"0";"";"";"";"0";"0";"";"Po¾ovnícke Nohavice Forest 1003 - Forestshop.sk";"0";"0";"";"0";"";"";"0";"0";"";"";"";"";"";"";"";"";"";"";"";"";"";"";"";"";""
"40237/XXL";"1";"Nohavice FOREST 1003";"0a486205-d9e7-11e0-92ec-e1ef0b66e031";"";"";"<p>Po¾ovnícke letné nohavice zn. FOREST, vhodné aj na bené nosenie. Mnostvo funkènıch vreciek. Anatomicky tvarované kolená</p>";"<p><strong><big>Pouitie: </big></strong><big>Po¾ovnícke letné nohavice,&nbsp; vhodné aj na bené nosenie.</big></p>
<p><big><strong>Materiál:</strong> <br />M1: 98%BA, 2%EL<br />M2: 65% PES, 35%BA</big></p>
<p><big>Kvalitnı materiál od èeského vırobcu</big></p>
<p><big><span id=""charakteristika""><strong>Popis:</strong> 2x horné vrecká, 1x zadné vrecko, 2x boèné vrecká, anatomicky tvarované kolená, roztiahnute¾nı pás<br /></span></big></p>
<p><span><span style=""font-size: 12pt;""><span style=""font-size: 8pt;""><strong><big>Ve¾kostná rada: S - 6XL</big></strong></span></span></span></p>
<p><big>Tento vırobok v prípade potreby je moné upravi pod¾a poiadaviek zákazníka, tzn. napr. predåi nohavice.</big></p>";"Forest";"";"Po¾ovnícke letné nohavice FOREST. Vhodné aj na kadodenné nosenie. Kvalitná bavlna. Boèné vrecká";"product";"";"";"";"";"";"";"https://cdn.myshoptet.com/usr/www.forestshop.sk/user/shop/orig/34-1_nohavice-forest-1003ok-2025.jpg?67ade5de";"Nohavice Forest 1003OK 2025";"";"";"";"";"";"";"";"";"";"";"";"";"";"";"";"";"";"";"";"";"";"";"";"";"";"";"";"";"";"";"";"";"";"";"";"";"";"";"";"";"";"";"";"";"";"";"";"";"";"";"";"";"";"";"";"";"";"";"Pánske po¾ovnícke obleèenie > Pánske po¾ovnícke nohavice";"Pánske po¾ovnícke obleèenie > Pánske po¾ovnícke nohavice > Po¾ovnícke nohavice Forest";"Pánske po¾ovnícke obleèenie > Pánske po¾ovnícke nohavice > Letné nohavice pre po¾ovníkov";"";"";"";"";"";"";"61,02";"1";"63,51";"34,27";"23";"1";"EUR";"1";"23";"";"";"";"";"";"0";"0";"";"1";"1";"1";"1";"49,65";"26,2";"";"";"";"";"";"";"";"";"";"";"";"";"";"";"";"";"";"";"";"";"XXL";"";"";"";"";"";"";"";"";"";"";"";"-8";"";"";"1";"";"";"ks";"0";"2 roky";"";"";"";"";"";"1";"60116/90";"60109";"";"";"";"";"";"";"";"";"";"";"";"";"";"";"";"";"";"";"";"";"";"";"";"";"";"";"";"";"";"";"";"";"";"";"";"";"";"";"";"";"";"";"";"";"";"";"";"";"";"";"";"";"1";"visible";"0";"0";"0";"0";"0";"";"";"1";"";"";"0";"";"";"0";"";"";"0";"";"";"0";"";"";"";"0";"0";"";"Po¾ovnícke Nohavice Forest 1003 - Forestshop.sk";"0";"0";"";"0";"";"";"0";"0";"";"";"";"";"";"";"";"";"";"";"";"";"";"";"";"";""
"40269/3XL";"2";"Nohavice FOREST 5003";"b7727300-3927-11e6-8a3b-0cc47a6c92bc";"";"";"<p><big>Po¾ovnícke celoroèné nohavice zn. FOREST, vyrobené z príjemného materiálu vhodné na nosenie hlavne </big><big>v období - <strong>Jar, </strong></big><big><strong>Jeseò, Zima. </strong></big></p>";"<p><big><strong>Pouitie:</strong> </big><big>Po¾ovnícke celoroèné nohavice, vyrobené z príjemného materiálu vhodné na nosenie hlavne </big><big>v období - <strong>Jar, </strong></big><big><strong>Jeseò, Zima. <br /></strong>Dizajnovı prestrih na kolenách a na zadku je urobenı z odolného materiálu.<br /></big></p>
<p><big><strong>Materiál:</strong> 98%BA / 2% elastan 320g&nbsp; hlavnı materiál</big></p>
<p><big>&nbsp;&nbsp;&nbsp;&nbsp;&nbsp;&nbsp;&nbsp;&nbsp;&nbsp;&nbsp;&nbsp;&nbsp;&nbsp;&nbsp;&nbsp; 50%BA / 50%PES&nbsp; prestrih - kolená a zadok <br /></big></p>
<p><big>Kvalitnı materiál od èeského vırobcu</big></p>
<p><big><span id=""charakteristika""><strong>Popis:</strong> 2x horné vrecká, 1x zadné vrecko, 2x boèné vrecká, anatomicky tvarované kolená, modernı dizajnovı prestrih <br />na kolenách a na zadnej èasti, roztiahnute¾nı pás<br /></span></big></p>
<p><strong><big>Nadrozmerné ve¾kosti</big></strong><big> - 4XL a viac je moné objedna samostatne emailom - eshop@forestshop.sk</big><big>, cena platí len do ve¾kosti XXL</big></p>
<p><big>Tento vırobok v prípade potreby je moné upravi pod¾a poiadaviek zákazníka, tzn. napr. predåi nohavice</big></p>
<p><span style=""color: #ff0000;""><strong>Skladom u len ve¾. 3XL</strong></span></p>";"Forest";"";"Po¾ovnícke nohavice FOREST";"product";"";"";"";"";"";"";"https://cdn.myshoptet.com/usr/www.forestshop.sk/user/shop/orig/40_polovnicke-nohavice-forest.jpg?6501dfc4";"Po¾ovnícke nohavice FOREST";"";"";"";"";"";"";"";"";"";"";"";"";"";"";"";"";"";"";"";"";"";"";"";"";"";"";"";"";"";"";"";"";"";"";"";"";"";"";"";"";"";"";"";"";"";"";"";"";"";"";"";"";"";"";"";"";"";"";"Pánske po¾ovnícke obleèenie > Pánske po¾ovnícke nohavice";"Pánske po¾ovnícke obleèenie > Pánske po¾ovnícke nohavice > Po¾ovnícke nohavice Forest";"";"";"";"";"";"";"";"53,63";"1";"53,63";"32,32";"23";"1";"EUR";"1";"23";"46,99";"2021-03-14";"";"";"";"0";"0";"";"1";"1";"1";"1";"36,81";"14,37";"";"";"";"";"";"";"";"";"";"";"";"";"";"";"";"";"";"";"";"";"3XL";"";"";"";"";"";"";"";"";"";"";"";"-1";"";"";"1";"Predaj vırobku skonèil";"Predaj vırobku skonèil";"ks";"0";"2 roky";"";"";"";"";"";"1";"60116/90";"60110";"";"";"";"";"";"";"";"";"";"";"";"";"";"";"";"";"";"";"";"";"";"";"";"";"";"";"";"";"";"";"";"";"";"";"";"";"";"";"";"";"";"";"";"";"";"";"";"";"";"";"";"";"0";"detailOnly";"0";"0";"0";"0";"1";"2021-03-14";"";"0";"";"";"0";"";"";"0";"";"";"0";"";"";"0";"";"";"";"0";"0";"";"";"0";"0";"";"0";"";"";"0";"0";"";"";"";"";"";"";"";"";"";"";"";"";"";"";"";"";""
"40269/L";"2";"Nohavice FOREST 5003";"b7727300-3927-11e6-8a3b-0cc47a6c92bc";"";"";"<p><big>Po¾ovnícke celoroèné nohavice zn. FOREST, vyrobené z príjemného materiálu vhodné na nosenie hlavne </big><big>v období - <strong>Jar, </strong></big><big><strong>Jeseò, Zima. </strong></big></p>";"<p><big><strong>Pouitie:</strong> </big><big>Po¾ovnícke celoroèné nohavice, vyrobené z príjemného materiálu vhodné na nosenie hlavne </big><big>v období - <strong>Jar, </strong></big><big><strong>Jeseò, Zima. <br /></strong>Dizajnovı prestrih na kolenách a na zadku je urobenı z odolného materiálu.<br /></big></p>
<p><big><strong>Materiál:</strong> 98%BA / 2% elastan 320g&nbsp; hlavnı materiál</big></p>
<p><big>&nbsp;&nbsp;&nbsp;&nbsp;&nbsp;&nbsp;&nbsp;&nbsp;&nbsp;&nbsp;&nbsp;&nbsp;&nbsp;&nbsp;&nbsp; 50%BA / 50%PES&nbsp; prestrih - kolená a zadok <br /></big></p>
<p><big>Kvalitnı materiál od èeského vırobcu</big></p>
<p><big><span id=""charakteristika""><strong>Popis:</strong> 2x horné vrecká, 1x zadné vrecko, 2x boèné vrecká, anatomicky tvarované kolená, modernı dizajnovı prestrih <br />na kolenách a na zadnej èasti, roztiahnute¾nı pás<br /></span></big></p>
<p><strong><big>Nadrozmerné ve¾kosti</big></strong><big> - 4XL a viac je moné objedna samostatne emailom - eshop@forestshop.sk</big><big>, cena platí len do ve¾kosti XXL</big></p>
<p><big>Tento vırobok v prípade potreby je moné upravi pod¾a poiadaviek zákazníka, tzn. napr. predåi nohavice</big></p>
<p><span style=""color: #ff0000;""><strong>Skladom u len ve¾. 3XL</strong></span></p>";"Forest";"";"Po¾ovnícke nohavice FOREST";"product";"";"";"";"";"";"";"https://cdn.myshoptet.com/usr/www.forestshop.sk/user/shop/orig/40_polovnicke-nohavice-forest.jpg?6501dfc4";"Po¾ovnícke nohavice FOREST";"";"";"";"";"";"";"";"";"";"";"";"";"";"";"";"";"";"";"";"";"";"";"";"";"";"";"";"";"";"";"";"";"";"";"";"";"";"";"";"";"";"";"";"";"";"";"";"";"";"";"";"";"";"";"";"";"";"";"Pánske po¾ovnícke obleèenie > Pánske po¾ovnícke nohavice";"Pánske po¾ovnícke obleèenie > Pánske po¾ovnícke nohavice > Po¾ovnícke nohavice Forest";"";"";"";"";"";"";"";"51,89";"1";"53,63";"32,32";"23";"1";"EUR";"1";"23";"";"";"";"";"";"0";"0";"";"1";"1";"1";"1";"43,73";"19,16";"";"";"";"";"";"";"";"";"";"";"";"";"";"";"";"";"";"";"";"";"L";"";"";"";"";"";"";"";"";"";"";"";"-2";"";"";"1";"Predaj vırobku skonèil";"Predaj vırobku skonèil";"ks";"0";"2 roky";"";"";"";"";"";"1";"60116/90";"60110";"";"";"";"";"";"";"";"";"";"";"";"";"";"";"";"";"";"";"";"";"";"";"";"";"";"";"";"";"";"";"";"";"";"";"";"";"";"";"";"";"";"";"";"";"";"";"";"";"";"";"";"";"0";"detailOnly";"0";"0";"0";"0";"1";"2021-03-14";"";"0";"";"";"0";"";"";"0";"";"";"0";"";"";"0";"";"";"";"0";"0";"";"";"0";"0";"";"0";"";"";"0";"0";"";"";"";"";"";"";"";"";"";"";"";"";"";"";"";"";""
"40269/M";"2";"Nohavice FOREST 5003";"b7727300-3927-11e6-8a3b-0cc47a6c92bc";"";"";"<p><big>Po¾ovnícke celoroèné nohavice zn. FOREST, vyrobené z príjemného materiálu vhodné na nosenie hlavne </big><big>v období - <strong>Jar, </strong></big><big><strong>Jeseò, Zima. </strong></big></p>";"<p><big><strong>Pouitie:</strong> </big><big>Po¾ovnícke celoroèné nohavice, vyrobené z príjemného materiálu vhodné na nosenie hlavne </big><big>v období - <strong>Jar, </strong></big><big><strong>Jeseò, Zima. <br /></strong>Dizajnovı prestrih na kolenách a na zadku je urobenı z odolného materiálu.<br /></big></p>
<p><big><strong>Materiál:</strong> 98%BA / 2% elastan 320g&nbsp; hlavnı materiál</big></p>
<p><big>&nbsp;&nbsp;&nbsp;&nbsp;&nbsp;&nbsp;&nbsp;&nbsp;&nbsp;&nbsp;&nbsp;&nbsp;&nbsp;&nbsp;&nbsp; 50%BA / 50%PES&nbsp; prestrih - kolená a zadok <br /></big></p>
<p><big>Kvalitnı materiál od èeského vırobcu</big></p>
<p><big><span id=""charakteristika""><strong>Popis:</strong> 2x horné vrecká, 1x zadné vrecko, 2x boèné vrecká, anatomicky tvarované kolená, modernı dizajnovı prestrih <br />na kolenách a na zadnej èasti, roztiahnute¾nı pás<br /></span></big></p>
<p><strong><big>Nadrozmerné ve¾kosti</big></strong><big> - 4XL a viac je moné objedna samostatne emailom - eshop@forestshop.sk</big><big>, cena platí len do ve¾kosti XXL</big></p>
<p><big>Tento vırobok v prípade potreby je moné upravi pod¾a poiadaviek zákazníka, tzn. napr. predåi nohavice</big></p>
<p><span style=""color: #ff0000;""><strong>Skladom u len ve¾. 3XL</strong></span></p>";"Forest";"";"Po¾ovnícke nohavice FOREST";"product";"";"";"";"";"";"";"https://cdn.myshoptet.com/usr/www.forestshop.sk/user/shop/orig/40_polovnicke-nohavice-forest.jpg?6501dfc4";"Po¾ovnícke nohavice FOREST";"";"";"";"";"";"";"";"";"";"";"";"";"";"";"";"";"";"";"";"";"";"";"";"";"";"";"";"";"";"";"";"";"";"";"";"";"";"";"";"";"";"";"";"";"";"";"";"";"";"";"";"";"";"";"";"";"";"";"Pánske po¾ovnícke obleèenie > Pánske po¾ovnícke nohavice";"Pánske po¾ovnícke obleèenie > Pánske po¾ovnícke nohavice > Po¾ovnícke nohavice Forest";"";"";"";"";"";"";"";"51,89";"1";"53,63";"32,32";"23";"1";"EUR";"1";"23";"";"";"";"";"";"0";"0";"";"1";"1";"1";"1";"43,73";"19,16";"";"";"";"";"";"";"";"";"";"";"";"";"";"";"";"";"";"";"";"";"M";"";"";"";"";"";"";"";"";"";"";"";"-3";"";"";"1";"Predaj vırobku skonèil";"Predaj vırobku skonèil";"ks";"0";"2 roky";"";"";"";"";"";"1";"60116/90";"60110";"";"";"";"";"";"";"";"";"";"";"";"";"";"";"";"";"";"";"";"";"";"";"";"";"";"";"";"";"";"";"";"";"";"";"";"";"";"";"";"";"";"";"";"";"";"";"";"";"";"";"";"";"0";"detailOnly";"0";"0";"0";"0";"1";"2021-03-14";"";"0";"";"";"0";"";"";"0";"";"";"0";"";"";"0";"";"";"";"0";"0";"";"";"0";"0";"";"0";"";"";"0";"0";"";"";"";"";"";"";"";"";"";"";"";"";"";"";"";"";""
"40269/S";"2";"Nohavice FOREST 5003";"b7727300-3927-11e6-8a3b-0cc47a6c92bc";"";"";"<p><big>Po¾ovnícke celoroèné nohavice zn. FOREST, vyrobené z príjemného materiálu vhodné na nosenie hlavne </big><big>v období - <strong>Jar, </strong></big><big><strong>Jeseò, Zima. </strong></big></p>";"<p><big><strong>Pouitie:</strong> </big><big>Po¾ovnícke celoroèné nohavice, vyrobené z príjemného materiálu vhodné na nosenie hlavne </big><big>v období - <strong>Jar, </strong></big><big><strong>Jeseò, Zima. <br /></strong>Dizajnovı prestrih na kolenách a na zadku je urobenı z odolného materiálu.<br /></big></p>
<p><big><strong>Materiál:</strong> 98%BA / 2% elastan 320g&nbsp; hlavnı materiál</big></p>
<p><big>&nbsp;&nbsp;&nbsp;&nbsp;&nbsp;&nbsp;&nbsp;&nbsp;&nbsp;&nbsp;&nbsp;&nbsp;&nbsp;&nbsp;&nbsp; 50%BA / 50%PES&nbsp; prestrih - kolená a zadok <br /></big></p>
<p><big>Kvalitnı materiál od èeského vırobcu</big></p>
<p><big><span id=""charakteristika""><strong>Popis:</strong> 2x horné vrecká, 1x zadné vrecko, 2x boèné vrecká, anatomicky tvarované kolená, modernı dizajnovı prestrih <br />na kolenách a na zadnej èasti, roztiahnute¾nı pás<br /></span></big></p>
<p><strong><big>Nadrozmerné ve¾kosti</big></strong><big> - 4XL a viac je moné objedna samostatne emailom - eshop@forestshop.sk</big><big>, cena platí len do ve¾kosti XXL</big></p>
<p><big>Tento vırobok v prípade potreby je moné upravi pod¾a poiadaviek zákazníka, tzn. napr. predåi nohavice</big></p>
<p><span style=""color: #ff0000;""><strong>Skladom u len ve¾. 3XL</strong></span></p>";"Forest";"";"Po¾ovnícke nohavice FOREST";"product";"";"";"";"";"";"";"https://cdn.myshoptet.com/usr/www.forestshop.sk/user/shop/orig/40_polovnicke-nohavice-forest.jpg?6501dfc4";"Po¾ovnícke nohavice FOREST";"";"";"";"";"";"";"";"";"";"";"";"";"";"";"";"";"";"";"";"";"";"";"";"";"";"";"";"";"";"";"";"";"";"";"";"";"";"";"";"";"";"";"";"";"";"";"";"";"";"";"";"";"";"";"";"";"";"";"Pánske po¾ovnícke obleèenie > Pánske po¾ovnícke nohavice";"Pánske po¾ovnícke obleèenie > Pánske po¾ovnícke nohavice > Po¾ovnícke nohavice Forest";"";"";"";"";"";"";"";"51,89";"1";"53,63";"32,32";"23";"1";"EUR";"1";"23";"";"";"";"";"";"0";"0";"";"1";"1";"1";"1";"43,73";"19,16";"";"";"";"";"";"";"";"";"";"";"";"";"";"";"";"";"";"";"";"";"S";"";"";"";"";"";"";"";"";"";"";"";"-1";"";"";"1";"Predaj vırobku skonèil";"Predaj vırobku skonèil";"ks";"0";"2 roky";"";"";"";"";"";"1";"60116/90";"60110";"";"";"";"";"";"";"";"";"";"";"";"";"";"";"";"";"";"";"";"";"";"";"";"";"";"";"";"";"";"";"";"";"";"";"";"";"";"";"";"";"";"";"";"";"";"";"";"";"";"";"";"";"0";"detailOnly";"0";"0";"0";"0";"1";"2021-03-14";"";"0";"";"";"0";"";"";"0";"";"";"0";"";"";"0";"";"";"";"0";"0";"";"";"0";"0";"";"0";"";"";"0";"0";"";"";"";"";"";"";"";"";"";"";"";"";"";"";"";"";""
"40269/XL";"2";"Nohavice FOREST 5003";"b7727300-3927-11e6-8a3b-0cc47a6c92bc";"";"";"<p><big>Po¾ovnícke celoroèné nohavice zn. FOREST, vyrobené z príjemného materiálu vhodné na nosenie hlavne </big><big>v období - <strong>Jar, </strong></big><big><strong>Jeseò, Zima. </strong></big></p>";"<p><big><strong>Pouitie:</strong> </big><big>Po¾ovnícke celoroèné nohavice, vyrobené z príjemného materiálu vhodné na nosenie hlavne </big><big>v období - <strong>Jar, </strong></big><big><strong>Jeseò, Zima. <br /></strong>Dizajnovı prestrih na kolenách a na zadku je urobenı z odolného materiálu.<br /></big></p>
<p><big><strong>Materiál:</strong> 98%BA / 2% elastan 320g&nbsp; hlavnı materiál</big></p>
<p><big>&nbsp;&nbsp;&nbsp;&nbsp;&nbsp;&nbsp;&nbsp;&nbsp;&nbsp;&nbsp;&nbsp;&nbsp;&nbsp;&nbsp;&nbsp; 50%BA / 50%PES&nbsp; prestrih - kolená a zadok <br /></big></p>
<p><big>Kvalitnı materiál od èeského vırobcu</big></p>
<p><big><span id=""charakteristika""><strong>Popis:</strong> 2x horné vrecká, 1x zadné vrecko, 2x boèné vrecká, anatomicky tvarované kolená, modernı dizajnovı prestrih <br />na kolenách a na zadnej èasti, roztiahnute¾nı pás<br /></span></big></p>
<p><strong><big>Nadrozmerné ve¾kosti</big></strong><big> - 4XL a viac je moné objedna samostatne emailom - eshop@forestshop.sk</big><big>, cena platí len do ve¾kosti XXL</big></p>
<p><big>Tento vırobok v prípade potreby je moné upravi pod¾a poiadaviek zákazníka, tzn. napr. predåi nohavice</big></p>
<p><span style=""color: #ff0000;""><strong>Skladom u len ve¾. 3XL</strong></span></p>";"Forest";"";"Po¾ovnícke nohavice FOREST";"product";"";"";"";"";"";"";"https://cdn.myshoptet.com/usr/www.forestshop.sk/user/shop/orig/40_polovnicke-nohavice-forest.jpg?6501dfc4";"Po¾ovnícke nohavice FOREST";"";"";"";"";"";"";"";"";"";"";"";"";"";"";"";"";"";"";"";"";"";"";"";"";"";"";"";"";"";"";"";"";"";"";"";"";"";"";"";"";"";"";"";"";"";"";"";"";"";"";"";"";"";"";"";"";"";"";"Pánske po¾ovnícke obleèenie > Pánske po¾ovnícke nohavice";"Pánske po¾ovnícke obleèenie > Pánske po¾ovnícke nohavice > Po¾ovnícke nohavice Forest";"";"";"";"";"";"";"";"51,89";"1";"53,63";"32,32";"23";"1";"EUR";"1";"23";"";"";"";"";"";"0";"0";"";"1";"1";"1";"1";"43,73";"19,16";"";"";"";"";"";"";"";"";"";"";"";"";"";"";"";"";"";"";"";"";"XL";"";"";"";"";"";"";"";"";"";"";"";"-6";"";"";"1";"Predaj vırobku skonèil";"Predaj vırobku skonèil";"ks";"0";"2 roky";"";"";"";"";"";"1";"60116/90";"60110";"";"";"";"";"";"";"";"";"";"";"";"";"";"";"";"";"";"";"";"";"";"";"";"";"";"";"";"";"";"";"";"";"";"";"";"";"";"";"";"";"";"";"";"";"";"";"";"";"";"";"";"";"0";"detailOnly";"0";"0";"0";"0";"1";"2021-03-14";"";"0";"";"";"0";"";"";"0";"";"";"0";"";"";"0";"";"";"";"0";"0";"";"";"0";"0";"";"0";"";"";"0";"0";"";"";"";"";"";"";"";"";"";"";"";"";"";"";"";"";""
"40269/XXL";"2";"Nohavice FOREST 5003";"b7727300-3927-11e6-8a3b-0cc47a6c92bc";"";"";"<p><big>Po¾ovnícke celoroèné nohavice zn. FOREST, vyrobené z príjemného materiálu vhodné na nosenie hlavne </big><big>v období - <strong>Jar, </strong></big><big><strong>Jeseò, Zima. </strong></big></p>";"<p><big><strong>Pouitie:</strong> </big><big>Po¾ovnícke celoroèné nohavice, vyrobené z príjemného materiálu vhodné na nosenie hlavne </big><big>v období - <strong>Jar, </strong></big><big><strong>Jeseò, Zima. <br /></strong>Dizajnovı prestrih na kolenách a na zadku je urobenı z odolného materiálu.<br /></big></p>
<p><big><strong>Materiál:</strong> 98%BA / 2% elastan 320g&nbsp; hlavnı materiál</big></p>
<p><big>&nbsp;&nbsp;&nbsp;&nbsp;&nbsp;&nbsp;&nbsp;&nbsp;&nbsp;&nbsp;&nbsp;&nbsp;&nbsp;&nbsp;&nbsp; 50%BA / 50%PES&nbsp; prestrih - kolená a zadok <br /></big></p>
<p><big>Kvalitnı materiál od èeského vırobcu</big></p>
<p><big><span id=""charakteristika""><strong>Popis:</strong> 2x horné vrecká, 1x zadné vrecko, 2x boèné vrecká, anatomicky tvarované kolená, modernı dizajnovı prestrih <br />na kolenách a na zadnej èasti, roztiahnute¾nı pás<br /></span></big></p>
<p><strong><big>Nadrozmerné ve¾kosti</big></strong><big> - 4XL a viac je moné objedna samostatne emailom - eshop@forestshop.sk</big><big>, cena platí len do ve¾kosti XXL</big></p>
<p><big>Tento vırobok v prípade potreby je moné upravi pod¾a poiadaviek zákazníka, tzn. napr. predåi nohavice</big></p>
<p><span style=""color: #ff0000;""><strong>Skladom u len ve¾. 3XL</strong></span></p>";"Forest";"";"Po¾ovnícke nohavice FOREST";"product";"";"";"";"";"";"";"https://cdn.myshoptet.com/usr/www.forestshop.sk/user/shop/orig/40_polovnicke-nohavice-forest.jpg?6501dfc4";"Po¾ovnícke nohavice FOREST";"";"";"";"";"";"";"";"";"";"";"";"";"";"";"";"";"";"";"";"";"";"";"";"";"";"";"";"";"";"";"";"";"";"";"";"";"";"";"";"";"";"";"";"";"";"";"";"";"";"";"";"";"";"";"";"";"";"";"Pánske po¾ovnícke obleèenie > Pánske po¾ovnícke nohavice";"Pánske po¾ovnícke obleèenie > Pánske po¾ovnícke nohavice > Po¾ovnícke nohavice Forest";"";"";"";"";"";"";"";"51,89";"1";"53,63";"32,32";"23";"1";"EUR";"1";"23";"";"";"";"";"";"0";"0";"";"1";"1";"1";"1";"43,73";"19,16";"";"";"";"";"";"";"";"";"";"";"";"";"";"";"";"";"";"";"";"";"XXL";"";"";"";"";"";"";"";"";"";"";"";"-2";"";"";"1";"Predaj vırobku skonèil";"Predaj vırobku skonèil";"ks";"0";"2 roky";"";"";"";"";"";"1";"60116/90";"60110";"";"";"";"";"";"";"";"";"";"";"";"";"";"";"";"";"";"";"";"";"";"";"";"";"";"";"";"";"";"";"";"";"";"";"";"";"";"";"";"";"";"";"";"";"";"";"";"";"";"";"";"";"0";"detailOnly";"0";"0";"0";"0";"1";"2021-03-14";"";"0";"";"";"0";"";"";"0";"";"";"0";"";"";"0";"";"";"";"0";"0";"";"";"0";"0";"";"0";"";"";"0";"0";"";"";"";"";"";"";"";"";"";"";"";"";"";"";"";"";""
"40287";"";"Èiapka Polar FOREST";"d63e07c9-3c48-11e6-8a3b-0cc47a6c92bc";"";"";"";"<p><big><strong>Pouitie:</strong> Po¾ovnícka è</big><big>iapka</big></p>
<p><big><strong>Materiál:</strong> kvalitnı <strong>MICROPOLAR&nbsp;FLEECE</strong></big></p>
<p><big><strong>Popis:</strong></big><big> Flisová èiapka 300g</big></p>";"Forest";"";"Po¾ovnícka èiapka FOREST vyrobená z kvalitného flisu. S logom Forest";"product";"";"";"";"";"";"https://cdn.myshoptet.com/usr/www.forestshop.sk/user/shop/orig/151_polovnicka-ciapka.png?6501dfc4";"https://cdn.myshoptet.com/usr/www.forestshop.sk/user/shop/orig/151_polovnicka-ciapka.png?6501dfc4";"Po¾ovnícka èiapka";"";"";"";"";"";"";"";"";"";"";"";"";"";"";"";"";"";"";"";"";"";"";"";"";"";"";"";"";"";"";"";"";"";"";"";"";"";"";"";"";"";"";"";"";"";"";"";"";"";"";"";"";"";"";"";"";"";"";"Pánske po¾ovnícke obleèenie > Po¾ovnícke èiapky a šiltovky > Po¾ovnícke èiapky";"Pánske po¾ovnícke obleèenie > Po¾ovnícke èiapky a šiltovky > Po¾ovnícke èiapky > Zimné po¾ovnícke èiapky";"Top 100 po¾ovníckych produktov";"Pánske po¾ovnícke obleèenie > Po¾ovnícke èiapky a šiltovky > Po¾ovnícke èiapky > Po¾ovnícke èiapky Forest";"";"";"";"";"";"14,62";"1";"14,62";"9,78";"23";"1";"EUR";"1";"23";"";"";"";"";"";"0";"0";"";"0";"1";"0";"0";"64,78";"4,74";"";"";"";"";"";"";"";"";"";"";"";"";"";"";"";"";"";"";"";"";"";"";"";"";"";"";"";"";"";"";"";"";"-111";"";"";"1";"Skladom";"Skladom";"ks";"0";"2 roky";"";"";"";"";"";"1";"60297";"";"";"";"";"";"";"";"";"";"";"";"";"";"";"";"";"";"";"";"";"";"";"";"";"";"";"";"";"";"";"";"";"";"";"";"";"";"";"";"";"";"";"";"";"";"";"";"";"";"";"";"";"";"";"detailOnly";"0";"0";"0";"0";"0";"";"";"0";"";"";"0";"";"";"0";"";"";"0";"";"";"0";"";"";"";"0";"0";"";"Po¾ovnícka Èiapka Polar FOREST - Forestshop.sk";"0";"0";"";"0";"";"";"0";"0";"";"";"";"";"";"";"";"";"";"";"";"";"";"";"";"";""
"BR1611";"72";"Podkolienky BOBR - aktívne";"5accb637-3e95-11e6-8a3b-0cc47a6c92bc";"";"";"";"<p><strong>Popis:</strong> Tieto podkolienky sú konštruované pre vysokú obuv, ako sú gumáky èi lyiarska obuv. Dvojvrstvová a záaová konštrukcia odoláva ako vlhkosti tak i oderu ponoky. Masívne drenáne kanály odvetrávajú prebytoèné teplo z obuvi a striebro eliminuje baktérie. Zmäkèené èasti zaisujú dokonalú ochranu pred otlakmi a odreninami.</p>
<p><br /><strong>Zloenie:</strong></p>
<p>- 45% polypropylén so striebrom,</p>
<p>- 43% viackapilárová bavlna,</p>
<p>- 8% vysokorozanı elastan,</p>
<p>-  4% tvarovanı polyamid.</p>";"Bobr";"";"Po¾ovnícke ponoky";"product";"";"";"";"";"";"";"https://cdn.myshoptet.com/usr/www.forestshop.sk/user/shop/orig/397_podkolienky-bobr-aktivne.jpg?6501dfc4";"";"";"";"";"";"";"";"";"";"";"";"";"";"";"";"";"";"";"";"";"";"";"";"";"";"";"";"";"";"";"";"";"";"";"";"";"";"";"";"";"";"";"";"";"";"";"";"";"";"";"";"";"";"";"";"";"";"";"";"Pánske po¾ovnícke obleèenie";"Pánske po¾ovnícke obleèenie > Po¾ovnícke ponoky > Po¾ovnícke ponoky Bobr";"Pánske po¾ovnícke obleèenie > Po¾ovnícke ponoky > Podkolienky pre po¾ovníka";"Pánske po¾ovnícke obleèenie > Po¾ovnícke ponoky > Zimné termo ponoky pre po¾ovníkov";"";"";"";"";"";"15,45";"1";"";"11,75";"23";"1";"EUR";"1";"23";"";"";"";"";"";"0";"0";"";"1";"1";"1";"1";"44,6";"3,63";"";"";"";"";"";"";"";"";"";"";"";"";"";"";"";"";"";"";"";"";"38-40";"";"";"";"";"";"";"";"";"";"";"";"-2";"";"";"1";"Skladom";"Skladom";"ks";"0";"2 roky";"";"";"";"";"";"1";"";"";"";"";"";"";"";"";"";"";"";"";"";"";"";"";"";"";"";"";"";"";"";"";"";"";"";"";"";"";"";"";"";"";"";"";"";"";"";"";"";"";"";"";"";"";"";"";"";"";"";"";"";"";"1";"blocked";"0";"0";"0";"0";"0";"";"";"0";"";"";"0";"";"";"0";"";"";"0";"";"";"0";"";"";"";"0";"0";"";"";"0";"0";"";"0";"";"";"0";"0";"";"";"";"";"";"";"";"";"";"";"";"";"";"";"";"";""
"60055/10";"77";"Rukavice LEXUS";"01123126-3f69-11e6-8a3b-0cc47a6c92bc";"";"";"";"<p><span style=""font-size: 10pt;""><strong>Popis:</strong> ¼ahké po¾ovnícke jednovrstvové rukavice s monosou prestrihnutia na&nbsp;pravom èi ¾avom ukazováku pre lepšiu manipuláciu so zbraòou,&nbsp;komfortnı strih, vysoká citlivos, prunost, pri¾navos.</span></p>
<p><br /><span style=""font-size: 10pt;""><strong>Matreriálové zloenie:</strong></span><br /><span style=""font-size: 10pt;"">Chrbát: 100% PES úplet</span><br /><span style=""font-size: 10pt;"">Dlaò: koa te¾acina nubuk</span></p>
<p><br /><span style=""font-size: 10pt;"">Zápästné èas je stiahnutá&nbsp;gumièkou. Rukavice sú&nbsp;zakonèené elastickou&nbsp;manetou.&nbsp;Rukavicu odporúèame&nbsp;kombinova s teplımi&nbsp;funkènımi palcovımi&nbsp;rukavicami.</span></p>";"Holík";"";"Po¾ovnícke rukavice zn. Holík";"product";"";"";"";"";"";"https://cdn.myshoptet.com/usr/www.forestshop.sk/user/shop/orig/454_rukavice-lexus.jpg?6501dfc4";"https://cdn.myshoptet.com/usr/www.forestshop.sk/user/shop/orig/454_rukavice-lexus.jpg?6501dfc4";"";"";"";"";"";"";"";"";"";"";"";"";"";"";"";"";"";"";"";"";"";"";"";"";"";"";"";"";"";"";"";"";"";"";"";"";"";"";"";"";"";"";"";"";"";"";"";"";"";"";"";"";"";"";"";"";"";"";"";"Pánske po¾ovnícke obleèenie > Po¾ovnícke rukavice";"Pánske po¾ovnícke obleèenie > Po¾ovnícke rukavice";"";"";"";"";"";"";"";"26,66";"1";"";"18,21";"23";"1";"EUR";"1";"23";"";"";"";"";"";"0";"0";"";"1";"1";"1";"1";"43,28";"8,27";"";"";"";"";"";"";"";"";"";"";"";"";"";"";"";"";"";"";"";"";"10";"";"";"";"";"";"";"";"";"";"";"";"-1";"";"";"1";"Predaj vırobku skonèil";"Predaj vırobku skonèil";"ks";"0";"2 roky";"";"";"";"";"";"1";"";"";"";"";"";"";"";"";"";"";"";"";"";"";"";"";"";"";"";"";"";"";"";"";"";"";"";"";"";"";"";"";"";"";"";"";"";"";"";"";"";"";"";"";"";"";"";"";"";"";"";"";"";"";"1";"detailOnly";"0";"0";"0";"0";"1";"";"";"0";"";"";"0";"";"";"0";"";"";"0";"";"";"0";"";"";"";"0";"0";"";"";"0";"0";"";"0";"";"";"0";"0";"";"";"";"";"";"";"";"";"";"";"";"";"";"";"";"";""
"60055/8";"77";"Rukavice LEXUS";"01123126-3f69-11e6-8a3b-0cc47a6c92bc";"";"";"";"<p><span style=""font-size: 10pt;""><strong>Popis:</strong> ¼ahké po¾ovnícke jednovrstvové rukavice s monosou prestrihnutia na&nbsp;pravom èi ¾avom ukazováku pre lepšiu manipuláciu so zbraòou,&nbsp;komfortnı strih, vysoká citlivos, prunost, pri¾navos.</span></p>
<p><br /><span style=""font-size: 10pt;""><strong>Matreriálové zloenie:</strong></span><br /><span style=""font-size: 10pt;"">Chrbát: 100% PES úplet</span><br /><span style=""font-size: 10pt;"">Dlaò: koa te¾acina nubuk</span></p>
<p><br /><span style=""font-size: 10pt;"">Zápästné èas je stiahnutá&nbsp;gumièkou. Rukavice sú&nbsp;zakonèené elastickou&nbsp;manetou.&nbsp;Rukavicu odporúèame&nbsp;kombinova s teplımi&nbsp;funkènımi palcovımi&nbsp;rukavicami.</span></p>";"Holík";"";"Po¾ovnícke rukavice zn. Holík";"product";"";"";"";"";"";"https://cdn.myshoptet.com/usr/www.forestshop.sk/user/shop/orig/454_rukavice-lexus.jpg?6501dfc4";"https://cdn.myshoptet.com/usr/www.forestshop.sk/user/shop/orig/454_rukavice-lexus.jpg?6501dfc4";"";"";"";"";"";"";"";"";"";"";"";"";"";"";"";"";"";"";"";"";"";"";"";"";"";"";"";"";"";"";"";"";"";"";"";"";"";"";"";"";"";"";"";"";"";"";"";"";"";"";"";"";"";"";"";"";"";"";"";"Pánske po¾ovnícke obleèenie > Po¾ovnícke rukavice";"Pánske po¾ovnícke obleèenie > Po¾ovnícke rukavice";"";"";"";"";"";"";"";"26,66";"1";"";"18,21";"23";"1";"EUR";"1";"23";"";"";"";"";"";"0";"0";"";"1";"1";"1";"1";"43,28";"8,27";"";"";"";"";"";"";"";"";"";"";"";"";"";"";"";"";"";"";"";"";"8";"";"";"";"";"";"";"";"";"";"";"";"-1";"";"";"1";"Vypredané";"Predaj vırobku skonèil";"ks";"0";"2 roky";"";"";"";"";"";"1";"";"";"";"";"";"";"";"";"";"";"";"";"";"";"";"";"";"";"";"";"";"";"";"";"";"";"";"";"";"";"";"";"";"";"";"";"";"";"";"";"";"";"";"";"";"";"";"";"";"";"";"";"";"";"0";"detailOnly";"0";"0";"0";"0";"1";"";"";"0";"";"";"0";"";"";"0";"";"";"0";"";"";"0";"";"";"";"0";"0";"";"";"0";"0";"";"0";"";"";"0";"0";"";"";"";"";"";"";"";"";"";"";"";"";"";"";"";"";""
"60055/9";"77";"Rukavice LEXUS";"01123126-3f69-11e6-8a3b-0cc47a6c92bc";"";"";"";"<p><span style=""font-size: 10pt;""><strong>Popis:</strong> ¼ahké po¾ovnícke jednovrstvové rukavice s monosou prestrihnutia na&nbsp;pravom èi ¾avom ukazováku pre lepšiu manipuláciu so zbraòou,&nbsp;komfortnı strih, vysoká citlivos, prunost, pri¾navos.</span></p>
<p><br /><span style=""font-size: 10pt;""><strong>Matreriálové zloenie:</strong></span><br /><span style=""font-size: 10pt;"">Chrbát: 100% PES úplet</span><br /><span style=""font-size: 10pt;"">Dlaò: koa te¾acina nubuk</span></p>
<p><br /><span style=""font-size: 10pt;"">Zápästné èas je stiahnutá&nbsp;gumièkou. Rukavice sú&nbsp;zakonèené elastickou&nbsp;manetou.&nbsp;Rukavicu odporúèame&nbsp;kombinova s teplımi&nbsp;funkènımi palcovımi&nbsp;rukavicami.</span></p>";"Holík";"";"Po¾ovnícke rukavice zn. Holík";"product";"";"";"";"";"";"https://cdn.myshoptet.com/usr/www.forestshop.sk/user/shop/orig/454_rukavice-lexus.jpg?6501dfc4";"https://cdn.myshoptet.com/usr/www.forestshop.sk/user/shop/orig/454_rukavice-lexus.jpg?6501dfc4";"";"";"";"";"";"";"";"";"";"";"";"";"";"";"";"";"";"";"";"";"";"";"";"";"";"";"";"";"";"";"";"";"";"";"";"";"";"";"";"";"";"";"";"";"";"";"";"";"";"";"";"";"";"";"";"";"";"";"";"Pánske po¾ovnícke obleèenie > Po¾ovnícke rukavice";"Pánske po¾ovnícke obleèenie > Po¾ovnícke rukavice";"";"";"";"";"";"";"";"26,66";"1";"26,66";"18,21";"23";"1";"EUR";"1";"23";"24,58";"";"";"";"";"0";"0";"";"1";"1";"1";"1";"36,52";"6,24";"";"";"";"";"";"";"";"";"";"";"";"";"";"";"";"";"";"";"";"";"9";"";"";"";"";"";"";"";"";"";"";"";"-1";"";"";"1";"Predaj vırobku skonèil";"Predaj vırobku skonèil";"ks";"0";"2 roky";"";"";"";"";"";"1";"";"";"";"";"";"";"";"";"";"";"";"";"";"";"";"";"";"";"";"";"";"";"";"";"";"";"";"";"";"";"";"";"";"";"";"";"";"";"";"";"";"";"";"";"";"";"";"";"";"";"";"";"";"";"0";"detailOnly";"0";"0";"0";"0";"1";"";"";"0";"";"";"0";"";"";"0";"";"";"0";"";"";"0";"";"";"";"0";"0";"";"";"0";"0";"";"0";"";"";"0";"0";"";"";"";"";"";"";"";"";"";"";"";"";"";"";"";"";""
"60035/3XL";"126";"Pohonová bunda G7 Light";"7d539b99-b0b4-11e6-968a-0cc47a6c92bc";"";"POSLEDNİ KUS";"";"<p><span id=""result_box"" class="""" lang=""sk""><span class=""""><strong>Popis:</strong> Pohonová bunda Verney-Carron G7 Light je ve¾mi o</span>dolná, ¾ahká a vodotesná. Skladá sa z membrány Saqitex, ktorá je vodotesná a zároveò priedušná.</span><span id=""result_box"" class="""" lang=""sk""></span><span id=""result_box"" class="""" lang=""sk""></span></p>
<p><span id=""result_box"" class="""" lang=""sk"">- 2x spodné  vonkajšie vrecká, 2x vrchné vonkajšie vrecká umiestnené pri sivom prestrihu nad spodnımi vreckami, prepínanie na rukávoch je na suchı zips<br /><br /><strong>Zloenie:</strong> 100% polyester<br /><br /></span></p>
<p><strong>Poznámka:</strong></p>
<p>reálna farba bundy je vıstrano oranovo/ tmavosivá</p>";"Verney Carron";"";"";"product";"";"";"";"";"";"";"https://cdn.myshoptet.com/usr/www.forestshop.sk/user/shop/orig/770-1_pohonova-bunda-g7light-ok.jpg?6501dfc4";"pohonova bunda g7light OK";"";"";"";"";"";"";"";"";"";"";"";"";"";"";"";"";"";"";"";"";"";"";"";"";"";"";"";"";"";"";"";"";"";"";"";"";"";"";"";"";"";"";"";"";"";"";"";"";"";"";"";"";"";"";"";"";"";"";"Pánske po¾ovnícke obleèenie > Pánske po¾ovnícke bundy";"Pánske po¾ovnícke obleèenie > Pánske po¾ovnícke bundy > Po¾ovnícke bundy Verney Carron";"Pánske po¾ovnícke obleèenie > Pánske po¾ovnícke bundy > Maskáèové bundy pre po¾ovníkov";"";"";"";"";"";"";"89,32";"1";"89,32";"57,64";"23";"1";"EUR";"1";"23";"";"";"";"";"";"0";"0";"";"1";"1";"1";"1";"38,56";"31,03";"";"";"";"";"";"";"";"";"";"";"";"";"";"";"";"";"";"";"";"";"3XL";"";"";"";"";"";"";"";"";"";"";"";"0";"";"";"1";"Predaj vırobku skonèil";"Predaj vırobku skonèil";"ks";"0";"2 roky";"";"";"";"";"";"1";"";"";"";"";"";"";"";"";"";"";"";"";"";"";"";"";"";"";"";"";"";"";"";"";"";"";"";"";"";"";"";"";"";"";"";"";"";"";"";"";"";"";"";"";"";"";"";"";"";"";"";"";"";"";"0";"hidden";"0";"0";"0";"0";"1";"";"";"0";"";"";"0";"";"";"0";"";"";"0";"";"";"0";"";"";"";"0";"0";"";"Pohonová Bunda G7 light - Forestshop.sk";"0";"0";"";"0";"";"";"0";"0";"";"";"";"";"";"";"";"";"";"";"";"";"";"";"";"";""
"60035/L";"126";"Pohonová bunda G7 Light";"7d539b99-b0b4-11e6-968a-0cc47a6c92bc";"";"POSLEDNİ KUS";"";"<p><span id=""result_box"" class="""" lang=""sk""><span class=""""><strong>Popis:</strong> Pohonová bunda Verney-Carron G7 Light je ve¾mi o</span>dolná, ¾ahká a vodotesná. Skladá sa z membrány Saqitex, ktorá je vodotesná a zároveò priedušná.</span><span id=""result_box"" class="""" lang=""sk""></span><span id=""result_box"" class="""" lang=""sk""></span></p>
<p><span id=""result_box"" class="""" lang=""sk"">- 2x spodné  vonkajšie vrecká, 2x vrchné vonkajšie vrecká umiestnené pri sivom prestrihu nad spodnımi vreckami, prepínanie na rukávoch je na suchı zips<br /><br /><strong>Zloenie:</strong> 100% polyester<br /><br /></span></p>
<p><strong>Poznámka:</strong></p>
<p>reálna farba bundy je vıstrano oranovo/ tmavosivá</p>";"Verney Carron";"";"";"product";"";"";"";"";"";"";"https://cdn.myshoptet.com/usr/www.forestshop.sk/user/shop/orig/770-1_pohonova-bunda-g7light-ok.jpg?6501dfc4";"pohonova bunda g7light OK";"";"";"";"";"";"";"";"";"";"";"";"";"";"";"";"";"";"";"";"";"";"";"";"";"";"";"";"";"";"";"";"";"";"";"";"";"";"";"";"";"";"";"";"";"";"";"";"";"";"";"";"";"";"";"";"";"";"";"Pánske po¾ovnícke obleèenie > Pánske po¾ovnícke bundy";"Pánske po¾ovnícke obleèenie > Pánske po¾ovnícke bundy > Po¾ovnícke bundy Verney Carron";"Pánske po¾ovnícke obleèenie > Pánske po¾ovnícke bundy > Maskáèové bundy pre po¾ovníkov";"";"";"";"";"";"";"73,47";"1";"89,32";"57,64";"23";"1";"EUR";"1";"23";"70,15";"";"";"";"";"0";"0";"";"1";"1";"1";"1";"19,86";"12,25";"";"";"";"";"";"";"";"";"";"";"";"";"";"";"";"";"";"";"";"";"L";"";"";"";"";"";"";"";"";"";"";"";"-2";"";"";"1";"Predaj vırobku skonèil";"Predaj vırobku skonèil";"ks";"0";"2 roky";"";"";"";"";"";"1";"";"";"";"";"";"";"";"";"";"";"";"";"";"";"";"";"";"";"";"";"";"";"";"";"";"";"";"";"";"";"";"";"";"";"";"";"";"";"";"";"";"";"";"";"";"";"";"";"";"";"";"";"";"";"0";"hidden";"0";"0";"0";"0";"1";"";"";"0";"";"";"0";"";"";"0";"";"";"0";"";"";"0";"";"";"";"0";"0";"";"Pohonová Bunda G7 light - Forestshop.sk";"0";"0";"";"0";"";"";"0";"0";"";"";"";"";"";"";"";"";"";"";"";"";"";"";"";"";""
"60035/M";"126";"Pohonová bunda G7 Light";"7d539b99-b0b4-11e6-968a-0cc47a6c92bc";"";"POSLEDNİ KUS";"";"<p><span id=""result_box"" class="""" lang=""sk""><span class=""""><strong>Popis:</strong> Pohonová bunda Verney-Carron G7 Light je ve¾mi o</span>dolná, ¾ahká a vodotesná. Skladá sa z membrány Saqitex, ktorá je vodotesná a zároveò priedušná.</span><span id=""result_box"" class="""" lang=""sk""></span><span id=""result_box"" class="""" lang=""sk""></span></p>
<p><span id=""result_box"" class="""" lang=""sk"">- 2x spodné  vonkajšie vrecká, 2x vrchné vonkajšie vrecká umiestnené pri sivom prestrihu nad spodnımi vreckami, prepínanie na rukávoch je na suchı zips<br /><br /><strong>Zloenie:</strong> 100% polyester<br /><br /></span></p>
<p><strong>Poznámka:</strong></p>
<p>reálna farba bundy je vıstrano oranovo/ tmavosivá</p>";"Verney Carron";"";"";"product";"";"";"";"";"";"";"https://cdn.myshoptet.com/usr/www.forestshop.sk/user/shop/orig/770-1_pohonova-bunda-g7light-ok.jpg?6501dfc4";"pohonova bunda g7light OK";"";"";"";"";"";"";"";"";"";"";"";"";"";"";"";"";"";"";"";"";"";"";"";"";"";"";"";"";"";"";"";"";"";"";"";"";"";"";"";"";"";"";"";"";"";"";"";"";"";"";"";"";"";"";"";"";"";"";"Pánske po¾ovnícke obleèenie > Pánske po¾ovnícke bundy";"Pánske po¾ovnícke obleèenie > Pánske po¾ovnícke bundy > Po¾ovnícke bundy Verney Carron";"Pánske po¾ovnícke obleèenie > Pánske po¾ovnícke bundy > Maskáèové bundy pre po¾ovníkov";"";"";"";"";"";"";"73,47";"1";"89,32";"57,64";"23";"1";"EUR";"1";"23";"";"";"";"";"";"0";"0";"";"1";"1";"1";"1";"23,87";"15,5";"";"";"";"";"";"";"";"";"";"";"";"";"";"";"";"";"";"";"";"";"M";"";"";"";"";"";"";"";"";"";"";"";"0";"";"";"1";"Predaj vırobku skonèil";"Predaj vırobku skonèil";"ks";"0";"2 roky";"";"";"";"";"";"1";"";"";"";"";"";"";"";"";"";"";"";"";"";"";"";"";"";"";"";"";"";"";"";"";"";"";"";"";"";"";"";"";"";"";"";"";"";"";"";"";"";"";"";"";"";"";"";"";"";"";"";"";"";"";"0";"hidden";"0";"0";"0";"0";"1";"";"";"0";"";"";"0";"";"";"0";"";"";"0";"";"";"0";"";"";"";"0";"0";"";"Pohonová Bunda G7 light - Forestshop.sk";"0";"0";"";"0";"";"";"0";"0";"";"";"";"";"";"";"";"";"";"";"";"";"";"";"";"";""
"60035/S";"126";"Pohonová bunda G7 Light";"7d539b99-b0b4-11e6-968a-0cc47a6c92bc";"";"POSLEDNİ KUS";"";"<p><span id=""result_box"" class="""" lang=""sk""><span class=""""><strong>Popis:</strong> Pohonová bunda Verney-Carron G7 Light je ve¾mi o</span>dolná, ¾ahká a vodotesná. Skladá sa z membrány Saqitex, ktorá je vodotesná a zároveò priedušná.</span><span id=""result_box"" class="""" lang=""sk""></span><span id=""result_box"" class="""" lang=""sk""></span></p>
<p><span id=""result_box"" class="""" lang=""sk"">- 2x spodné  vonkajšie vrecká, 2x vrchné vonkajšie vrecká umiestnené pri sivom prestrihu nad spodnımi vreckami, prepínanie na rukávoch je na suchı zips<br /><br /><strong>Zloenie:</strong> 100% polyester<br /><br /></span></p>
<p><strong>Poznámka:</strong></p>
<p>reálna farba bundy je vıstrano oranovo/ tmavosivá</p>";"Verney Carron";"";"";"product";"";"";"";"";"";"";"https://cdn.myshoptet.com/usr/www.forestshop.sk/user/shop/orig/770-1_pohonova-bunda-g7light-ok.jpg?6501dfc4";"pohonova bunda g7light OK";"";"";"";"";"";"";"";"";"";"";"";"";"";"";"";"";"";"";"";"";"";"";"";"";"";"";"";"";"";"";"";"";"";"";"";"";"";"";"";"";"";"";"";"";"";"";"";"";"";"";"";"";"";"";"";"";"";"";"Pánske po¾ovnícke obleèenie > Pánske po¾ovnícke bundy";"Pánske po¾ovnícke obleèenie > Pánske po¾ovnícke bundy > Po¾ovnícke bundy Verney Carron";"Pánske po¾ovnícke obleèenie > Pánske po¾ovnícke bundy > Maskáèové bundy pre po¾ovníkov";"";"";"";"";"";"";"73,47";"1";"89,32";"57,64";"23";"1";"EUR";"1";"23";"";"";"";"";"";"0";"0";"";"1";"1";"1";"1";"23,87";"15,5";"";"";"";"";"";"";"";"";"";"";"";"";"";"";"";"";"";"";"";"";"S";"";"";"";"";"";"";"";"";"";"";"";"0";"";"";"1";"Predaj vırobku skonèil";"Predaj vırobku skonèil";"ks";"0";"2 roky";"";"";"";"";"";"1";"";"";"";"";"";"";"";"";"";"";"";"";"";"";"";"";"";"";"";"";"";"";"";"";"";"";"";"";"";"";"";"";"";"";"";"";"";"";"";"";"";"";"";"";"";"";"";"";"";"";"";"";"";"";"0";"hidden";"0";"0";"0";"0";"1";"";"";"0";"";"";"0";"";"";"0";"";"";"0";"";"";"0";"";"";"";"0";"0";"";"Pohonová Bunda G7 light - Forestshop.sk";"0";"0";"";"0";"";"";"0";"0";"";"";"";"";"";"";"";"";"";"";"";"";"";"";"";"";""
"60035/XL";"126";"Pohonová bunda G7 Light";"7d539b99-b0b4-11e6-968a-0cc47a6c92bc";"";"POSLEDNİ KUS";"";"<p><span id=""result_box"" class="""" lang=""sk""><span class=""""><strong>Popis:</strong> Pohonová bunda Verney-Carron G7 Light je ve¾mi o</span>dolná, ¾ahká a vodotesná. Skladá sa z membrány Saqitex, ktorá je vodotesná a zároveò priedušná.</span><span id=""result_box"" class="""" lang=""sk""></span><span id=""result_box"" class="""" lang=""sk""></span></p>
<p><span id=""result_box"" class="""" lang=""sk"">- 2x spodné  vonkajšie vrecká, 2x vrchné vonkajšie vrecká umiestnené pri sivom prestrihu nad spodnımi vreckami, prepínanie na rukávoch je na suchı zips<br /><br /><strong>Zloenie:</strong> 100% polyester<br /><br /></span></p>
<p><strong>Poznámka:</strong></p>
<p>reálna farba bundy je vıstrano oranovo/ tmavosivá</p>";"Verney Carron";"";"";"product";"";"";"";"";"";"";"https://cdn.myshoptet.com/usr/www.forestshop.sk/user/shop/orig/770-1_pohonova-bunda-g7light-ok.jpg?6501dfc4";"pohonova bunda g7light OK";"";"";"";"";"";"";"";"";"";"";"";"";"";"";"";"";"";"";"";"";"";"";"";"";"";"";"";"";"";"";"";"";"";"";"";"";"";"";"";"";"";"";"";"";"";"";"";"";"";"";"";"";"";"";"";"";"";"";"Pánske po¾ovnícke obleèenie > Pánske po¾ovnícke bundy";"Pánske po¾ovnícke obleèenie > Pánske po¾ovnícke bundy > Po¾ovnícke bundy Verney Carron";"Pánske po¾ovnícke obleèenie > Pánske po¾ovnícke bundy > Maskáèové bundy pre po¾ovníkov";"";"";"";"";"";"";"73,47";"1";"89,32";"57,64";"23";"1";"EUR";"1";"23";"70,15";"";"";"";"";"0";"0";"";"1";"1";"1";"1";"19,86";"12,25";"";"";"";"";"";"";"";"";"";"";"";"";"";"";"";"";"";"";"";"";"XL";"";"";"";"";"";"";"";"";"";"";"";"-1";"";"";"1";"Predaj vırobku skonèil";"Predaj vırobku skonèil";"ks";"0";"2 roky";"";"";"";"";"";"1";"";"";"";"";"";"";"";"";"";"";"";"";"";"";"";"";"";"";"";"";"";"";"";"";"";"";"";"";"";"";"";"";"";"";"";"";"";"";"";"";"";"";"";"";"";"";"";"";"";"";"";"";"";"";"0";"hidden";"0";"0";"0";"0";"1";"";"";"0";"";"";"0";"";"";"0";"";"";"0";"";"";"0";"";"";"";"0";"0";"";"Pohonová Bunda G7 light - Forestshop.sk";"0";"0";"";"0";"";"";"0";"0";"";"";"";"";"";"";"";"";"";"";"";"";"";"";"";"";""
"60035/XXL";"126";"Pohonová bunda G7 Light";"7d539b99-b0b4-11e6-968a-0cc47a6c92bc";"";"POSLEDNİ KUS";"";"<p><span id=""result_box"" class="""" lang=""sk""><span class=""""><strong>Popis:</strong> Pohonová bunda Verney-Carron G7 Light je ve¾mi o</span>dolná, ¾ahká a vodotesná. Skladá sa z membrány Saqitex, ktorá je vodotesná a zároveò priedušná.</span><span id=""result_box"" class="""" lang=""sk""></span><span id=""result_box"" class="""" lang=""sk""></span></p>
<p><span id=""result_box"" class="""" lang=""sk"">- 2x spodné  vonkajšie vrecká, 2x vrchné vonkajšie vrecká umiestnené pri sivom prestrihu nad spodnımi vreckami, prepínanie na rukávoch je na suchı zips<br /><br /><strong>Zloenie:</strong> 100% polyester<br /><br /></span></p>
<p><strong>Poznámka:</strong></p>
<p>reálna farba bundy je vıstrano oranovo/ tmavosivá</p>";"Verney Carron";"";"";"product";"";"";"";"";"";"";"https://cdn.myshoptet.com/usr/www.forestshop.sk/user/shop/orig/770-1_pohonova-bunda-g7light-ok.jpg?6501dfc4";"pohonova bunda g7light OK";"";"";"";"";"";"";"";"";"";"";"";"";"";"";"";"";"";"";"";"";"";"";"";"";"";"";"";"";"";"";"";"";"";"";"";"";"";"";"";"";"";"";"";"";"";"";"";"";"";"";"";"";"";"";"";"";"";"";"Pánske po¾ovnícke obleèenie > Pánske po¾ovnícke bundy";"Pánske po¾ovnícke obleèenie > Pánske po¾ovnícke bundy > Po¾ovnícke bundy Verney Carron";"Pánske po¾ovnícke obleèenie > Pánske po¾ovnícke bundy > Maskáèové bundy pre po¾ovníkov";"";"";"";"";"";"";"73,47";"1";"89,32";"57,64";"23";"1";"EUR";"1";"23";"";"";"";"";"";"0";"0";"";"1";"1";"1";"1";"23,87";"15,5";"";"";"";"";"";"";"";"";"";"";"";"";"";"";"";"";"";"";"";"";"XXL";"";"";"";"";"";"";"";"";"";"";"";"0";"";"";"1";"Predaj vırobku skonèil";"Predaj vırobku skonèil";"ks";"0";"2 roky";"";"";"";"";"";"1";"";"";"";"";"";"";"";"";"";"";"";"";"";"";"";"";"";"";"";"";"";"";"";"";"";"";"";"";"";"";"";"";"";"";"";"";"";"";"";"";"";"";"";"";"";"";"";"";"";"";"";"";"";"";"0";"hidden";"0";"0";"0";"0";"1";"";"";"0";"";"";"0";"";"";"0";"";"";"0";"";"";"0";"";"";"";"0";"0";"";"Pohonová Bunda G7 light - Forestshop.sk";"0";"0";"";"0";"";"";"0";"0";"";"";"";"";"";"";"";"";"";"";"";"";"";"";"";"";""
"4859/46";"496";"Nohavice Hart Wild-T";"611a6160-e5b1-11e8-a065-0cc47a6c92bc";"OB832";"";"<p>Vysoko funkèné tvrdé lovecké nohavice Wild-T sú absolútne odolné proti vetru, vode, trniu a sú priedušné.</p>";"<p>Hart Wild-T nohavice.&nbsp;Pre profesionálne po¾ovníctvo.</p>
<ul>
<li><strong>Popis:</strong></li>
<li>Nohavice pre lovcov, ktorí oceòujú profesionálne vybavenie.</li>
<li>Vysoko funkèné tvrdé lovecké nohavice Wild-T sú absolútne odolné.</li>
<li>Odolné proti vetru a vode, odolné voèi trniu a sú priedušné.</li>
<li>Tvrdé lovecké nohavice Wild-T majú vıstuhy z pevného materiálu 1000D.</li>
<li>Vıborná spandexová èas pre vysokú pohyblivos, nohavice sú špeciálne navrhnuté pre vysokú aktivitu.</li>
<li>Komfortnı pás s elastickımi vlokami Vás neobmedzuje v pohybe.</li>
<li>Tvrdé po¾ovnícke nohavice Wild-T sú vybavené dvoma prednımi a jednım zadnım vreckom s vodotesnım zipsom.</li>
<li>Boèné odvetrávacie otvory na zips Vám poskytnú dodatoènú ventiláciu pri zvyšenej aktivite. Kolená sú robustne vystuené.</li>
<li><strong>Farba:</strong> zelená</li>
<li><strong>Ve¾kos:</strong> 46-60</li>
</ul>";"Hart";"DODAVATEL-TEST-1";"Vysoko funkèné tvrdé lovecké nohavice Wild-T sú absolútne odolné proti vetru, vode, trniu a sú priedušné.";"product";"";"";"";"";"";"";"https://cdn.myshoptet.com/usr/www.forestshop.sk/user/shop/orig/4859-1_polovnicke-nohavice-hart-wilt-t-01.jpg?6501dfc4";"Polovnicke Nohavice Hart Wilt T 01";"https://cdn.myshoptet.com/usr/www.forestshop.sk/user/shop/orig/4859-2_polovnicke-nohavice-hart-wilt-t-02.jpg?6501dfc4";"Polovnicke Nohavice Hart Wilt T 02";"https://cdn.myshoptet.com/usr/www.forestshop.sk/user/shop/orig/4859-4_polovnicke-nohavice-hart-wilt-t-04.jpg?6501dfc4";"Polovnicke Nohavice Hart Wilt T 04";"https://cdn.myshoptet.com/usr/www.forestshop.sk/user/shop/orig/4859-3_polovnicke-nohavice-hart-wilt-t-03.jpg?6501dfc4";"Polovnicke Nohavice Hart Wilt T 03";"https://cdn.myshoptet.com/usr/www.forestshop.sk/user/shop/orig/4859_hart-wild-t-nohavice-005.jpg?6501dfc4";"Hart Wild-T nohavice 005";"";"";"";"";"";"";"";"";"";"";"";"";"";"";"";"";"";"";"";"";"";"";"";"";"";"";"";"";"";"";"";"";"";"";"";"";"";"";"";"";"";"";"";"";"";"";"";"";"";"";"Pánske po¾ovnícke obleèenie > Pánske po¾ovnícke nohavice";"Pánske po¾ovnícke obleèenie > Pánske po¾ovnícke nohavice > Po¾ovnícke nohavice Hart";"Pánske po¾ovnícke obleèenie > Pánske po¾ovnícke nohavice > Nepremokavé nohavice pre po¾ovníkov";"Pánske po¾ovnícke obleèenie > Pánske po¾ovnícke nohavice > Po¾ovnícke zosilnené nohavice do pohonu";"";"";"";"";"";"113,39";"1";"";"";"23";"1";"EUR";"1";"23";"";"";"";"";"";"0";"0";"";"1";"1";"1";"1";"";"";"";"";"";"";"";"";"";"";"";"";"";"";"";"";"";"";"";"";"";"";"46";"";"";"";"";"";"";"";"";"";"";"";"5";"";"";"1";"Predaj vırobku skonèil";"Skladom";"ks";"0";"2 roky";"";"";"";"";"";"1";"62035/34";"4805/46";"4850/36";"";"";"";"";"";"";"";"";"";"";"";"";"";"";"";"";"";"";"";"";"";"";"";"";"";"";"";"";"";"";"";"";"";"";"";"";"";"";"";"";"";"";"";"";"";"";"";"";"";"";"OB832";"1";"visible";"0";"0";"0";"0";"0";"";"";"0";"";"";"1";"";"2018-11-20";"0";"";"";"0";"";"";"0";"";"";"";"0";"0";"";"Nohavice Hart Wild-T | Forestshop.sk";"0";"0";"";"0";"";"";"0";"0";"";"";"";"";"";"";"";"";"https://www.huntingshop.eu/wild-t-green-nohavice";"";"";"";"";"";"";"";""
"4859/48";"496";"Nohavice Hart Wild-T";"611a6160-e5b1-11e8-a065-0cc47a6c92bc";"OB832";"";"<p>Vysoko funkèné tvrdé lovecké nohavice Wild-T sú absolútne odolné proti vetru, vode, trniu a sú priedušné.</p>";"<p>Hart Wild-T nohavice.&nbsp;Pre profesionálne po¾ovníctvo.</p>
<ul>
<li><strong>Popis:</strong></li>
<li>Nohavice pre lovcov, ktorí oceòujú profesionálne vybavenie.</li>
<li>Vysoko funkèné tvrdé lovecké nohavice Wild-T sú absolútne odolné.</li>
<li>Odolné proti vetru a vode, odolné voèi trniu a sú priedušné.</li>
<li>Tvrdé lovecké nohavice Wild-T majú vıstuhy z pevného materiálu 1000D.</li>
<li>Vıborná spandexová èas pre vysokú pohyblivos, nohavice sú špeciálne navrhnuté pre vysokú aktivitu.</li>
<li>Komfortnı pás s elastickımi vlokami Vás neobmedzuje v pohybe.</li>
<li>Tvrdé po¾ovnícke nohavice Wild-T sú vybavené dvoma prednımi a jednım zadnım vreckom s vodotesnım zipsom.</li>
<li>Boèné odvetrávacie otvory na zips Vám poskytnú dodatoènú ventiláciu pri zvyšenej aktivite. Kolená sú robustne vystuené.</li>
<li><strong>Farba:</strong> zelená</li>
<li><strong>Ve¾kos:</strong> 46-60</li>
</ul>";"Hart";"DODAVATEL-TEST-1";"Vysoko funkèné tvrdé lovecké nohavice Wild-T sú absolútne odolné proti vetru, vode, trniu a sú priedušné.";"product";"";"";"";"";"";"";"https://cdn.myshoptet.com/usr/www.forestshop.sk/user/shop/orig/4859-1_polovnicke-nohavice-hart-wilt-t-01.jpg?6501dfc4";"Polovnicke Nohavice Hart Wilt T 01";"https://cdn.myshoptet.com/usr/www.forestshop.sk/user/shop/orig/4859-2_polovnicke-nohavice-hart-wilt-t-02.jpg?6501dfc4";"Polovnicke Nohavice Hart Wilt T 02";"https://cdn.myshoptet.com/usr/www.forestshop.sk/user/shop/orig/4859-4_polovnicke-nohavice-hart-wilt-t-04.jpg?6501dfc4";"Polovnicke Nohavice Hart Wilt T 04";"https://cdn.myshoptet.com/usr/www.forestshop.sk/user/shop/orig/4859-3_polovnicke-nohavice-hart-wilt-t-03.jpg?6501dfc4";"Polovnicke Nohavice Hart Wilt T 03";"https://cdn.myshoptet.com/usr/www.forestshop.sk/user/shop/orig/4859_hart-wild-t-nohavice-005.jpg?6501dfc4";"Hart Wild-T nohavice 005";"";"";"";"";"";"";"";"";"";"";"";"";"";"";"";"";"";"";"";"";"";"";"";"";"";"";"";"";"";"";"";"";"";"";"";"";"";"";"";"";"";"";"";"";"";"";"";"";"";"";"Pánske po¾ovnícke obleèenie > Pánske po¾ovnícke nohavice";"Pánske po¾ovnícke obleèenie > Pánske po¾ovnícke nohavice > Po¾ovnícke nohavice Hart";"Pánske po¾ovnícke obleèenie > Pánske po¾ovnícke nohavice > Nepremokavé nohavice pre po¾ovníkov";"Pánske po¾ovnícke obleèenie > Pánske po¾ovnícke nohavice > Po¾ovnícke zosilnené nohavice do pohonu";"";"";"";"";"";"113,39";"1";"";"";"23";"1";"EUR";"1";"23";"";"";"";"";"";"0";"0";"";"1";"1";"1";"1";"";"";"";"";"";"";"";"";"";"";"";"";"";"";"";"";"";"";"";"";"";"";"48";"";"";"";"";"";"";"";"";"";"";"";"0";"";"";"1";"Predaj vırobku skonèil";"Predaj vırobku skonèil";"ks";"0";"2 roky";"";"";"";"";"";"1";"62035/34";"4805/46";"4850/36";"";"";"";"";"";"";"";"";"";"";"";"";"";"";"";"";"";"";"";"";"";"";"";"";"";"";"";"";"";"";"";"";"";"";"";"";"";"";"";"";"";"";"";"";"";"";"";"";"";"";"OB832";"1";"visible";"0";"0";"0";"0";"0";"";"";"0";"";"";"1";"";"2018-11-20";"0";"";"";"0";"";"";"0";"";"";"";"0";"0";"";"Nohavice Hart Wild-T | Forestshop.sk";"0";"0";"";"0";"";"";"0";"0";"";"";"";"";"";"";"";"";"https://www.huntingshop.eu/wild-t-green-nohavice";"";"";"";"";"";"";"";""
"4859/50";"496";"Nohavice Hart Wild-T";"611a6160-e5b1-11e8-a065-0cc47a6c92bc";"OB832";"";"<p>Vysoko funkèné tvrdé lovecké nohavice Wild-T sú absolútne odolné proti vetru, vode, trniu a sú priedušné.</p>";"<p>Hart Wild-T nohavice.&nbsp;Pre profesionálne po¾ovníctvo.</p>
<ul>
<li><strong>Popis:</strong></li>
<li>Nohavice pre lovcov, ktorí oceòujú profesionálne vybavenie.</li>
<li>Vysoko funkèné tvrdé lovecké nohavice Wild-T sú absolútne odolné.</li>
<li>Odolné proti vetru a vode, odolné voèi trniu a sú priedušné.</li>
<li>Tvrdé lovecké nohavice Wild-T majú vıstuhy z pevného materiálu 1000D.</li>
<li>Vıborná spandexová èas pre vysokú pohyblivos, nohavice sú špeciálne navrhnuté pre vysokú aktivitu.</li>
<li>Komfortnı pás s elastickımi vlokami Vás neobmedzuje v pohybe.</li>
<li>Tvrdé po¾ovnícke nohavice Wild-T sú vybavené dvoma prednımi a jednım zadnım vreckom s vodotesnım zipsom.</li>
<li>Boèné odvetrávacie otvory na zips Vám poskytnú dodatoènú ventiláciu pri zvyšenej aktivite. Kolená sú robustne vystuené.</li>
<li><strong>Farba:</strong> zelená</li>
<li><strong>Ve¾kos:</strong> 46-60</li>
</ul>";"Hart";"DODAVATEL-TEST-1";"Vysoko funkèné tvrdé lovecké nohavice Wild-T sú absolútne odolné proti vetru, vode, trniu a sú priedušné.";"product";"";"";"";"";"";"";"https://cdn.myshoptet.com/usr/www.forestshop.sk/user/shop/orig/4859-1_polovnicke-nohavice-hart-wilt-t-01.jpg?6501dfc4";"Polovnicke Nohavice Hart Wilt T 01";"https://cdn.myshoptet.com/usr/www.forestshop.sk/user/shop/orig/4859-2_polovnicke-nohavice-hart-wilt-t-02.jpg?6501dfc4";"Polovnicke Nohavice Hart Wilt T 02";"https://cdn.myshoptet.com/usr/www.forestshop.sk/user/shop/orig/4859-4_polovnicke-nohavice-hart-wilt-t-04.jpg?6501dfc4";"Polovnicke Nohavice Hart Wilt T 04";"https://cdn.myshoptet.com/usr/www.forestshop.sk/user/shop/orig/4859-3_polovnicke-nohavice-hart-wilt-t-03.jpg?6501dfc4";"Polovnicke Nohavice Hart Wilt T 03";"https://cdn.myshoptet.com/usr/www.forestshop.sk/user/shop/orig/4859_hart-wild-t-nohavice-005.jpg?6501dfc4";"Hart Wild-T nohavice 005";"";"";"";"";"";"";"";"";"";"";"";"";"";"";"";"";"";"";"";"";"";"";"";"";"";"";"";"";"";"";"";"";"";"";"";"";"";"";"";"";"";"";"";"";"";"";"";"";"";"";"Pánske po¾ovnícke obleèenie > Pánske po¾ovnícke nohavice";"Pánske po¾ovnícke obleèenie > Pánske po¾ovnícke nohavice > Po¾ovnícke nohavice Hart";"Pánske po¾ovnícke obleèenie > Pánske po¾ovnícke nohavice > Nepremokavé nohavice pre po¾ovníkov";"Pánske po¾ovnícke obleèenie > Pánske po¾ovnícke nohavice > Po¾ovnícke zosilnené nohavice do pohonu";"";"";"";"";"";"113,39";"1";"";"";"23";"1";"EUR";"1";"23";"";"";"";"";"";"0";"0";"";"1";"1";"1";"1";"";"";"";"";"";"";"";"";"";"";"";"";"";"";"";"";"";"";"";"";"";"";"50";"";"";"";"";"";"";"";"";"";"";"";"-1";"";"";"1";"Predaj vırobku skonèil";"Predaj vırobku skonèil";"ks";"0";"2 roky";"";"";"";"";"";"1";"62035/34";"4805/46";"4850/36";"";"";"";"";"";"";"";"";"";"";"";"";"";"";"";"";"";"";"";"";"";"";"";"";"";"";"";"";"";"";"";"";"";"";"";"";"";"";"";"";"";"";"";"";"";"";"";"";"";"";"OB832";"1";"visible";"0";"0";"0";"0";"0";"";"";"0";"";"";"1";"";"2018-11-20";"0";"";"";"0";"";"";"0";"";"";"";"0";"0";"";"Nohavice Hart Wild-T | Forestshop.sk";"0";"0";"";"0";"";"";"0";"0";"";"";"";"";"";"";"";"";"https://www.huntingshop.eu/wild-t-green-nohavice";"";"";"";"";"";"";"";""
"4859/52";"496";"Nohavice Hart Wild-T";"611a6160-e5b1-11e8-a065-0cc47a6c92bc";"OB832";"";"<p>Vysoko funkèné tvrdé lovecké nohavice Wild-T sú absolútne odolné proti vetru, vode, trniu a sú priedušné.</p>";"<p>Hart Wild-T nohavice.&nbsp;Pre profesionálne po¾ovníctvo.</p>
<ul>
<li><strong>Popis:</strong></li>
<li>Nohavice pre lovcov, ktorí oceòujú profesionálne vybavenie.</li>
<li>Vysoko funkèné tvrdé lovecké nohavice Wild-T sú absolútne odolné.</li>
<li>Odolné proti vetru a vode, odolné voèi trniu a sú priedušné.</li>
<li>Tvrdé lovecké nohavice Wild-T majú vıstuhy z pevného materiálu 1000D.</li>
<li>Vıborná spandexová èas pre vysokú pohyblivos, nohavice sú špeciálne navrhnuté pre vysokú aktivitu.</li>
<li>Komfortnı pás s elastickımi vlokami Vás neobmedzuje v pohybe.</li>
<li>Tvrdé po¾ovnícke nohavice Wild-T sú vybavené dvoma prednımi a jednım zadnım vreckom s vodotesnım zipsom.</li>
<li>Boèné odvetrávacie otvory na zips Vám poskytnú dodatoènú ventiláciu pri zvyšenej aktivite. Kolená sú robustne vystuené.</li>
<li><strong>Farba:</strong> zelená</li>
<li><strong>Ve¾kos:</strong> 46-60</li>
</ul>";"Hart";"DODAVATEL-TEST-1";"Vysoko funkèné tvrdé lovecké nohavice Wild-T sú absolútne odolné proti vetru, vode, trniu a sú priedušné.";"product";"";"";"";"";"";"";"https://cdn.myshoptet.com/usr/www.forestshop.sk/user/shop/orig/4859-1_polovnicke-nohavice-hart-wilt-t-01.jpg?6501dfc4";"Polovnicke Nohavice Hart Wilt T 01";"https://cdn.myshoptet.com/usr/www.forestshop.sk/user/shop/orig/4859-2_polovnicke-nohavice-hart-wilt-t-02.jpg?6501dfc4";"Polovnicke Nohavice Hart Wilt T 02";"https://cdn.myshoptet.com/usr/www.forestshop.sk/user/shop/orig/4859-4_polovnicke-nohavice-hart-wilt-t-04.jpg?6501dfc4";"Polovnicke Nohavice Hart Wilt T 04";"https://cdn.myshoptet.com/usr/www.forestshop.sk/user/shop/orig/4859-3_polovnicke-nohavice-hart-wilt-t-03.jpg?6501dfc4";"Polovnicke Nohavice Hart Wilt T 03";"https://cdn.myshoptet.com/usr/www.forestshop.sk/user/shop/orig/4859_hart-wild-t-nohavice-005.jpg?6501dfc4";"Hart Wild-T nohavice 005";"";"";"";"";"";"";"";"";"";"";"";"";"";"";"";"";"";"";"";"";"";"";"";"";"";"";"";"";"";"";"";"";"";"";"";"";"";"";"";"";"";"";"";"";"";"";"";"";"";"";"Pánske po¾ovnícke obleèenie > Pánske po¾ovnícke nohavice";"Pánske po¾ovnícke obleèenie > Pánske po¾ovnícke nohavice > Po¾ovnícke nohavice Hart";"Pánske po¾ovnícke obleèenie > Pánske po¾ovnícke nohavice > Nepremokavé nohavice pre po¾ovníkov";"Pánske po¾ovnícke obleèenie > Pánske po¾ovnícke nohavice > Po¾ovnícke zosilnené nohavice do pohonu";"";"";"";"";"";"113,39";"1";"";"";"23";"1";"EUR";"1";"23";"";"";"";"";"";"0";"0";"";"1";"1";"1";"1";"";"";"";"";"";"";"";"";"";"";"";"";"";"";"";"";"";"";"";"";"";"";"52";"";"";"";"";"";"";"";"";"";"";"";"0";"";"";"1";"Predaj vırobku skonèil";"Predaj vırobku skonèil";"ks";"0";"2 roky";"";"";"";"";"";"1";"62035/34";"4805/46";"4850/36";"";"";"";"";"";"";"";"";"";"";"";"";"";"";"";"";"";"";"";"";"";"";"";"";"";"";"";"";"";"";"";"";"";"";"";"";"";"";"";"";"";"";"";"";"";"";"";"";"";"";"OB832";"1";"visible";"0";"0";"0";"0";"0";"";"";"0";"";"";"1";"";"2018-11-20";"0";"";"";"0";"";"";"0";"";"";"";"0";"0";"";"Nohavice Hart Wild-T | Forestshop.sk";"0";"0";"";"0";"";"";"0";"0";"";"";"";"";"";"";"";"";"https://www.huntingshop.eu/wild-t-green-nohavice";"";"";"";"";"";"";"";""
"4859/54";"496";"Nohavice Hart Wild-T";"611a6160-e5b1-11e8-a065-0cc47a6c92bc";"OB832";"";"<p>Vysoko funkèné tvrdé lovecké nohavice Wild-T sú absolútne odolné proti vetru, vode, trniu a sú priedušné.</p>";"<p>Hart Wild-T nohavice.&nbsp;Pre profesionálne po¾ovníctvo.</p>
<ul>
<li><strong>Popis:</strong></li>
<li>Nohavice pre lovcov, ktorí oceòujú profesionálne vybavenie.</li>
<li>Vysoko funkèné tvrdé lovecké nohavice Wild-T sú absolútne odolné.</li>
<li>Odolné proti vetru a vode, odolné voèi trniu a sú priedušné.</li>
<li>Tvrdé lovecké nohavice Wild-T majú vıstuhy z pevného materiálu 1000D.</li>
<li>Vıborná spandexová èas pre vysokú pohyblivos, nohavice sú špeciálne navrhnuté pre vysokú aktivitu.</li>
<li>Komfortnı pás s elastickımi vlokami Vás neobmedzuje v pohybe.</li>
<li>Tvrdé po¾ovnícke nohavice Wild-T sú vybavené dvoma prednımi a jednım zadnım vreckom s vodotesnım zipsom.</li>
<li>Boèné odvetrávacie otvory na zips Vám poskytnú dodatoènú ventiláciu pri zvyšenej aktivite. Kolená sú robustne vystuené.</li>
<li><strong>Farba:</strong> zelená</li>
<li><strong>Ve¾kos:</strong> 46-60</li>
</ul>";"Hart";"DODAVATEL-TEST-1";"Vysoko funkèné tvrdé lovecké nohavice Wild-T sú absolútne odolné proti vetru, vode, trniu a sú priedušné.";"product";"";"";"";"";"";"";"https://cdn.myshoptet.com/usr/www.forestshop.sk/user/shop/orig/4859-1_polovnicke-nohavice-hart-wilt-t-01.jpg?6501dfc4";"Polovnicke Nohavice Hart Wilt T 01";"https://cdn.myshoptet.com/usr/www.forestshop.sk/user/shop/orig/4859-2_polovnicke-nohavice-hart-wilt-t-02.jpg?6501dfc4";"Polovnicke Nohavice Hart Wilt T 02";"https://cdn.myshoptet.com/usr/www.forestshop.sk/user/shop/orig/4859-4_polovnicke-nohavice-hart-wilt-t-04.jpg?6501dfc4";"Polovnicke Nohavice Hart Wilt T 04";"https://cdn.myshoptet.com/usr/www.forestshop.sk/user/shop/orig/4859-3_polovnicke-nohavice-hart-wilt-t-03.jpg?6501dfc4";"Polovnicke Nohavice Hart Wilt T 03";"https://cdn.myshoptet.com/usr/www.forestshop.sk/user/shop/orig/4859_hart-wild-t-nohavice-005.jpg?6501dfc4";"Hart Wild-T nohavice 005";"";"";"";"";"";"";"";"";"";"";"";"";"";"";"";"";"";"";"";"";"";"";"";"";"";"";"";"";"";"";"";"";"";"";"";"";"";"";"";"";"";"";"";"";"";"";"";"";"";"";"Pánske po¾ovnícke obleèenie > Pánske po¾ovnícke nohavice";"Pánske po¾ovnícke obleèenie > Pánske po¾ovnícke nohavice > Po¾ovnícke nohavice Hart";"Pánske po¾ovnícke obleèenie > Pánske po¾ovnícke nohavice > Nepremokavé nohavice pre po¾ovníkov";"Pánske po¾ovnícke obleèenie > Pánske po¾ovnícke nohavice > Po¾ovnícke zosilnené nohavice do pohonu";"";"";"";"";"";"113,39";"1";"";"";"23";"1";"EUR";"1";"23";"";"";"";"";"";"0";"0";"";"1";"1";"1";"1";"";"";"";"";"";"";"";"";"";"";"";"";"";"";"";"";"";"";"";"";"";"";"54";"";"";"";"";"";"";"";"";"";"";"";"0";"";"";"1";"Predaj vırobku skonèil";"Predaj vırobku skonèil";"ks";"0";"2 roky";"";"";"";"";"";"1";"62035/34";"4805/46";"4850/36";"";"";"";"";"";"";"";"";"";"";"";"";"";"";"";"";"";"";"";"";"";"";"";"";"";"";"";"";"";"";"";"";"";"";"";"";"";"";"";"";"";"";"";"";"";"";"";"";"";"";"OB832";"1";"visible";"0";"0";"0";"0";"0";"";"";"0";"";"";"1";"";"2018-11-20";"0";"";"";"0";"";"";"0";"";"";"";"0";"0";"";"Nohavice Hart Wild-T | Forestshop.sk";"0";"0";"";"0";"";"";"0";"0";"";"";"";"";"";"";"";"";"https://www.huntingshop.eu/wild-t-green-nohavice";"";"";"";"";"";"";"";""
"4859/56";"496";"Nohavice Hart Wild-T";"611a6160-e5b1-11e8-a065-0cc47a6c92bc";"OB832";"";"<p>Vysoko funkèné tvrdé lovecké nohavice Wild-T sú absolútne odolné proti vetru, vode, trniu a sú priedušné.</p>";"<p>Hart Wild-T nohavice.&nbsp;Pre profesionálne po¾ovníctvo.</p>
<ul>
<li><strong>Popis:</strong></li>
<li>Nohavice pre lovcov, ktorí oceòujú profesionálne vybavenie.</li>
<li>Vysoko funkèné tvrdé lovecké nohavice Wild-T sú absolútne odolné.</li>
<li>Odolné proti vetru a vode, odolné voèi trniu a sú priedušné.</li>
<li>Tvrdé lovecké nohavice Wild-T majú vıstuhy z pevného materiálu 1000D.</li>
<li>Vıborná spandexová èas pre vysokú pohyblivos, nohavice sú špeciálne navrhnuté pre vysokú aktivitu.</li>
<li>Komfortnı pás s elastickımi vlokami Vás neobmedzuje v pohybe.</li>
<li>Tvrdé po¾ovnícke nohavice Wild-T sú vybavené dvoma prednımi a jednım zadnım vreckom s vodotesnım zipsom.</li>
<li>Boèné odvetrávacie otvory na zips Vám poskytnú dodatoènú ventiláciu pri zvyšenej aktivite. Kolená sú robustne vystuené.</li>
<li><strong>Farba:</strong> zelená</li>
<li><strong>Ve¾kos:</strong> 46-60</li>
</ul>";"Hart";"DODAVATEL-TEST-1";"Vysoko funkèné tvrdé lovecké nohavice Wild-T sú absolútne odolné proti vetru, vode, trniu a sú priedušné.";"product";"";"";"";"";"";"";"https://cdn.myshoptet.com/usr/www.forestshop.sk/user/shop/orig/4859-1_polovnicke-nohavice-hart-wilt-t-01.jpg?6501dfc4";"Polovnicke Nohavice Hart Wilt T 01";"https://cdn.myshoptet.com/usr/www.forestshop.sk/user/shop/orig/4859-2_polovnicke-nohavice-hart-wilt-t-02.jpg?6501dfc4";"Polovnicke Nohavice Hart Wilt T 02";"https://cdn.myshoptet.com/usr/www.forestshop.sk/user/shop/orig/4859-4_polovnicke-nohavice-hart-wilt-t-04.jpg?6501dfc4";"Polovnicke Nohavice Hart Wilt T 04";"https://cdn.myshoptet.com/usr/www.forestshop.sk/user/shop/orig/4859-3_polovnicke-nohavice-hart-wilt-t-03.jpg?6501dfc4";"Polovnicke Nohavice Hart Wilt T 03";"https://cdn.myshoptet.com/usr/www.forestshop.sk/user/shop/orig/4859_hart-wild-t-nohavice-005.jpg?6501dfc4";"Hart Wild-T nohavice 005";"";"";"";"";"";"";"";"";"";"";"";"";"";"";"";"";"";"";"";"";"";"";"";"";"";"";"";"";"";"";"";"";"";"";"";"";"";"";"";"";"";"";"";"";"";"";"";"";"";"";"Pánske po¾ovnícke obleèenie > Pánske po¾ovnícke nohavice";"Pánske po¾ovnícke obleèenie > Pánske po¾ovnícke nohavice > Po¾ovnícke nohavice Hart";"Pánske po¾ovnícke obleèenie > Pánske po¾ovnícke nohavice > Nepremokavé nohavice pre po¾ovníkov";"Pánske po¾ovnícke obleèenie > Pánske po¾ovnícke nohavice > Po¾ovnícke zosilnené nohavice do pohonu";"";"";"";"";"";"113,39";"1";"";"";"23";"1";"EUR";"1";"23";"";"";"";"";"";"0";"0";"";"1";"1";"1";"1";"";"";"";"";"";"";"";"";"";"";"";"";"";"";"";"";"";"";"";"";"";"";"56";"";"";"";"";"";"";"";"";"";"";"";"-1";"";"";"1";"Predaj vırobku skonèil";"Predaj vırobku skonèil";"ks";"0";"2 roky";"";"";"";"";"";"1";"62035/34";"4805/46";"4850/36";"";"";"";"";"";"";"";"";"";"";"";"";"";"";"";"";"";"";"";"";"";"";"";"";"";"";"";"";"";"";"";"";"";"";"";"";"";"";"";"";"";"";"";"";"";"";"";"";"";"";"OB832";"1";"visible";"0";"0";"0";"0";"0";"";"";"0";"";"";"1";"";"2018-11-20";"0";"";"";"0";"";"";"0";"";"";"";"0";"0";"";"Nohavice Hart Wild-T | Forestshop.sk";"0";"0";"";"0";"";"";"0";"0";"";"";"";"";"";"";"";"";"https://www.huntingshop.eu/wild-t-green-nohavice";"";"";"";"";"";"";"";""
"4859/58";"496";"Nohavice Hart Wild-T";"611a6160-e5b1-11e8-a065-0cc47a6c92bc";"OB832";"";"<p>Vysoko funkèné tvrdé lovecké nohavice Wild-T sú absolútne odolné proti vetru, vode, trniu a sú priedušné.</p>";"<p>Hart Wild-T nohavice.&nbsp;Pre profesionálne po¾ovníctvo.</p>
<ul>
<li><strong>Popis:</strong></li>
<li>Nohavice pre lovcov, ktorí oceòujú profesionálne vybavenie.</li>
<li>Vysoko funkèné tvrdé lovecké nohavice Wild-T sú absolútne odolné.</li>
<li>Odolné proti vetru a vode, odolné voèi trniu a sú priedušné.</li>
<li>Tvrdé lovecké nohavice Wild-T majú vıstuhy z pevného materiálu 1000D.</li>
<li>Vıborná spandexová èas pre vysokú pohyblivos, nohavice sú špeciálne navrhnuté pre vysokú aktivitu.</li>
<li>Komfortnı pás s elastickımi vlokami Vás neobmedzuje v pohybe.</li>
<li>Tvrdé po¾ovnícke nohavice Wild-T sú vybavené dvoma prednımi a jednım zadnım vreckom s vodotesnım zipsom.</li>
<li>Boèné odvetrávacie otvory na zips Vám poskytnú dodatoènú ventiláciu pri zvyšenej aktivite. Kolená sú robustne vystuené.</li>
<li><strong>Farba:</strong> zelená</li>
<li><strong>Ve¾kos:</strong> 46-60</li>
</ul>";"Hart";"DODAVATEL-TEST-1";"Vysoko funkèné tvrdé lovecké nohavice Wild-T sú absolútne odolné proti vetru, vode, trniu a sú priedušné.";"product";"";"";"";"";"";"";"https://cdn.myshoptet.com/usr/www.forestshop.sk/user/shop/orig/4859-1_polovnicke-nohavice-hart-wilt-t-01.jpg?6501dfc4";"Polovnicke Nohavice Hart Wilt T 01";"https://cdn.myshoptet.com/usr/www.forestshop.sk/user/shop/orig/4859-2_polovnicke-nohavice-hart-wilt-t-02.jpg?6501dfc4";"Polovnicke Nohavice Hart Wilt T 02";"https://cdn.myshoptet.com/usr/www.forestshop.sk/user/shop/orig/4859-4_polovnicke-nohavice-hart-wilt-t-04.jpg?6501dfc4";"Polovnicke Nohavice Hart Wilt T 04";"https://cdn.myshoptet.com/usr/www.forestshop.sk/user/shop/orig/4859-3_polovnicke-nohavice-hart-wilt-t-03.jpg?6501dfc4";"Polovnicke Nohavice Hart Wilt T 03";"https://cdn.myshoptet.com/usr/www.forestshop.sk/user/shop/orig/4859_hart-wild-t-nohavice-005.jpg?6501dfc4";"Hart Wild-T nohavice 005";"";"";"";"";"";"";"";"";"";"";"";"";"";"";"";"";"";"";"";"";"";"";"";"";"";"";"";"";"";"";"";"";"";"";"";"";"";"";"";"";"";"";"";"";"";"";"";"";"";"";"Pánske po¾ovnícke obleèenie > Pánske po¾ovnícke nohavice";"Pánske po¾ovnícke obleèenie > Pánske po¾ovnícke nohavice > Po¾ovnícke nohavice Hart";"Pánske po¾ovnícke obleèenie > Pánske po¾ovnícke nohavice > Nepremokavé nohavice pre po¾ovníkov";"Pánske po¾ovnícke obleèenie > Pánske po¾ovnícke nohavice > Po¾ovnícke zosilnené nohavice do pohonu";"";"";"";"";"";"113,39";"1";"";"";"23";"1";"EUR";"1";"23";"";"";"";"";"";"0";"0";"";"1";"1";"1";"1";"";"";"";"";"";"";"";"";"";"";"";"";"";"";"";"";"";"";"";"";"";"";"58";"";"";"";"";"";"";"";"";"";"";"";"5";"";"";"1";"Predaj vırobku skonèil";"Skladom";"ks";"0";"2 roky";"";"";"";"";"";"1";"62035/34";"4805/46";"4850/36";"";"";"";"";"";"";"";"";"";"";"";"";"";"";"";"";"";"";"";"";"";"";"";"";"";"";"";"";"";"";"";"";"";"";"";"";"";"";"";"";"";"";"";"";"";"";"";"";"";"";"OB832";"1";"visible";"0";"0";"0";"0";"0";"";"";"0";"";"";"1";"";"2018-11-20";"0";"";"";"0";"";"";"0";"";"";"";"0";"0";"";"Nohavice Hart Wild-T | Forestshop.sk";"0";"0";"";"0";"";"";"0";"0";"";"";"";"";"";"";"";"";"https://www.huntingshop.eu/wild-t-green-nohavice";"";"";"";"";"";"";"";""
"4859/60";"496";"Nohavice Hart Wild-T";"611a6160-e5b1-11e8-a065-0cc47a6c92bc";"OB832";"";"<p>Vysoko funkèné tvrdé lovecké nohavice Wild-T sú absolútne odolné proti vetru, vode, trniu a sú priedušné.</p>";"<p>Hart Wild-T nohavice.&nbsp;Pre profesionálne po¾ovníctvo.</p>
<ul>
<li><strong>Popis:</strong></li>
<li>Nohavice pre lovcov, ktorí oceòujú profesionálne vybavenie.</li>
<li>Vysoko funkèné tvrdé lovecké nohavice Wild-T sú absolútne odolné.</li>
<li>Odolné proti vetru a vode, odolné voèi trniu a sú priedušné.</li>
<li>Tvrdé lovecké nohavice Wild-T majú vıstuhy z pevného materiálu 1000D.</li>
<li>Vıborná spandexová èas pre vysokú pohyblivos, nohavice sú špeciálne navrhnuté pre vysokú aktivitu.</li>
<li>Komfortnı pás s elastickımi vlokami Vás neobmedzuje v pohybe.</li>
<li>Tvrdé po¾ovnícke nohavice Wild-T sú vybavené dvoma prednımi a jednım zadnım vreckom s vodotesnım zipsom.</li>
<li>Boèné odvetrávacie otvory na zips Vám poskytnú dodatoènú ventiláciu pri zvyšenej aktivite. Kolená sú robustne vystuené.</li>
<li><strong>Farba:</strong> zelená</li>
<li><strong>Ve¾kos:</strong> 46-60</li>
</ul>";"Hart";"DODAVATEL-TEST-1";"Vysoko funkèné tvrdé lovecké nohavice Wild-T sú absolútne odolné proti vetru, vode, trniu a sú priedušné.";"product";"";"";"";"";"";"";"https://cdn.myshoptet.com/usr/www.forestshop.sk/user/shop/orig/4859-1_polovnicke-nohavice-hart-wilt-t-01.jpg?6501dfc4";"Polovnicke Nohavice Hart Wilt T 01";"https://cdn.myshoptet.com/usr/www.forestshop.sk/user/shop/orig/4859-2_polovnicke-nohavice-hart-wilt-t-02.jpg?6501dfc4";"Polovnicke Nohavice Hart Wilt T 02";"https://cdn.myshoptet.com/usr/www.forestshop.sk/user/shop/orig/4859-4_polovnicke-nohavice-hart-wilt-t-04.jpg?6501dfc4";"Polovnicke Nohavice Hart Wilt T 04";"https://cdn.myshoptet.com/usr/www.forestshop.sk/user/shop/orig/4859-3_polovnicke-nohavice-hart-wilt-t-03.jpg?6501dfc4";"Polovnicke Nohavice Hart Wilt T 03";"https://cdn.myshoptet.com/usr/www.forestshop.sk/user/shop/orig/4859_hart-wild-t-nohavice-005.jpg?6501dfc4";"Hart Wild-T nohavice 005";"";"";"";"";"";"";"";"";"";"";"";"";"";"";"";"";"";"";"";"";"";"";"";"";"";"";"";"";"";"";"";"";"";"";"";"";"";"";"";"";"";"";"";"";"";"";"";"";"";"";"Pánske po¾ovnícke obleèenie > Pánske po¾ovnícke nohavice";"Pánske po¾ovnícke obleèenie > Pánske po¾ovnícke nohavice > Po¾ovnícke nohavice Hart";"Pánske po¾ovnícke obleèenie > Pánske po¾ovnícke nohavice > Nepremokavé nohavice pre po¾ovníkov";"Pánske po¾ovnícke obleèenie > Pánske po¾ovnícke nohavice > Po¾ovnícke zosilnené nohavice do pohonu";"";"";"";"";"";"113,39";"1";"";"";"23";"1";"EUR";"1";"23";"";"";"";"";"";"0";"0";"";"1";"1";"1";"1";"";"";"";"";"";"";"";"";"";"";"";"";"";"";"";"";"";"";"";"";"";"";"60";"";"";"";"";"";"";"";"";"";"";"";"5";"";"";"1";"Predaj vırobku skonèil";"Skladom";"ks";"0";"2 roky";"";"";"";"";"";"1";"62035/34";"4805/46";"4850/36";"";"";"";"";"";"";"";"";"";"";"";"";"";"";"";"";"";"";"";"";"";"";"";"";"";"";"";"";"";"";"";"";"";"";"";"";"";"";"";"";"";"";"";"";"";"";"";"";"";"";"OB832";"1";"visible";"0";"0";"0";"0";"0";"";"";"0";"";"";"1";"";"2018-11-20";"0";"";"";"0";"";"";"0";"";"";"";"0";"0";"";"Nohavice Hart Wild-T | Forestshop.sk";"0";"0";"";"0";"";"";"0";"0";"";"";"";"";"";"";"";"";"https://www.huntingshop.eu/wild-t-green-nohavice";"";"";"";"";"";"";"";""
"278";"";"ThermVisia Univerzální objímka (adaptér) pro PARD NV007, NV007A a NV007V (od 36 do 47mm)";"6536431a-36a4-11ee-8bfd-022904b12d9d";"";"";"";"<p>Objímka (adaptér) je vhodná pro všechny puškohledy s okulárem od 36 do 47mm. Objímka se rychle namontuje i sundá pomocí upevòovacího krouku.</p> <p>Vhodná pro všechny verze NV007 (NV007, NV007A, NV007V jak 12, tak 16mm)</p>";"ThermVisia";"";"";"product";"725765324429";"";"";"";"";"https://cdn.myshoptet.com/usr/www.forestshop.sk/user/shop/orig/11032_thermvisia-univerzalni-objimka--adapter--pro-pard-nv007--nv007a-a-nv007v--od-36-do-47mm.png?6501dfc4";"https://cdn.myshoptet.com/usr/www.forestshop.sk/user/shop/orig/11032_thermvisia-univerzalni-objimka--adapter--pro-pard-nv007--nv007a-a-nv007v--od-36-do-47mm.png?6501dfc4";"";"https://cdn.myshoptet.com/usr/www.forestshop.sk/user/shop/orig/11032_thermvisia-univerzalni-objimka--adapter--pro-pard-nv007--nv007a-a-nv007v--od-36-do-47mm.jpg?6501dfc4";"";"https://cdn.myshoptet.com/usr/www.forestshop.sk/user/shop/orig/11032-1_thermvisia-univerzalni-objimka--adapter--pro-pard-nv007--nv007a-a-nv007v--od-36-do-47mm.jpg?6501dfc4";"";"https://cdn.myshoptet.com/usr/www.forestshop.sk/user/shop/orig/11032-2_thermvisia-univerzalni-objimka--adapter--pro-pard-nv007--nv007a-a-nv007v--od-36-do-47mm.jpg?6501dfc4";"";"https://cdn.myshoptet.com/usr/www.forestshop.sk/user/shop/orig/11032-3_thermvisia-univerzalni-objimka--adapter--pro-pard-nv007--nv007a-a-nv007v--od-36-do-47mm.jpg?6501dfc4";"";"https://cdn.myshoptet.com/usr/www.forestshop.sk/user/shop/orig/11032-4_thermvisia-univerzalni-objimka--adapter--pro-pard-nv007--nv007a-a-nv007v--od-36-do-47mm.jpg?6501dfc4";"";"";"";"";"";"";"";"";"";"";"";"";"";"";"";"";"";"";"";"";"";"";"";"";"";"";"";"";"";"";"";"";"";"";"";"";"";"";"";"";"";"";"";"";"";"";"";"";"";"Optika pre po¾ovníkov > Termovízie pre po¾ovníkov > Príslušenstvo k termovíziám";"Optika pre po¾ovníkov > Termovízie pre po¾ovníkov > Príslušenstvo k termovíziám > Adaptéry a objímky na termovízie";"";"";"";"";"";"";"";"1043,82";"1";"1043,82";"";"23";"1";"EUR";"1";"23";"";"";"";"";"";"0";"0";"";"1";"1";"1";"1";"";"";"";"";"";"";"";"";"";"";"";"";"";"";"";"";"";"";"";"";"";"";"";"";"";"";"";"";"";"";"";"";"";"";"0";"";"";"1";"Není skladem";"";"ks";"0";"";"";"";"";"";"";"1";"";"";"";"";"";"";"";"";"";"";"";"";"";"";"";"";"";"";"";"";"";"";"";"";"";"";"";"";"";"";"";"";"";"Produkty;Objímky";"Znaèka;ThermVisia";"Hmotnost (g);70g";"";"";"";"";"";"";"";"";"";"";"";"";"";"";"";"";"";"";"";"detailOnly";"0";"0";"0";"0";"0";"";"";"0";"";"";"0";"";"";"0";"";"";"0";"";"";"0";"";"";"";"0";"1";"";"";"0";"0";"";"0";"";"";"0";"0";"";"";"";"";"";"";"";"";"";"";"";"";"";"";"";"";""
